Layer,PositionX,PositionY,PositionZ,ForwardX,ForwardY,ForwardZ,NormalX,NormalY,NormalZ
INSTANTIATE::TREE,617.766903134847,20.1491044593829,-386.714237892303,1,0,0,0,1,0
INSTANTIATE::TREE,581.11637138032,33.2374870050413,-654.691502539039,1,0,0,0,1,0
INSTANTIATE::TREE,584.509831472046,29.4110676658531,-629.879580050183,1,0,0,0,1,0
INSTANTIATE::TREE,591.296751655499,25.3862876622572,-580.255735072471,1,0,0,0,1,0
INSTANTIATE::TREE,594.690211747225,24.7499968147869,-555.443812583615,1,0,0,0,1,0
INSTANTIATE::TREE,598.083671838952,23.2925036021703,-530.631890094758,1,0,0,0,1,0
INSTANTIATE::TREE,601.477131930678,21.1671743662011,-505.819967605902,1,0,0,0,1,0
INSTANTIATE::TREE,604.870592022404,20.1848456333034,-481.008045117046,1,0,0,0,1,0
INSTANTIATE::TREE,608.264052114131,20.128749069718,-456.19612262819,1,0,0,0,1,0
INSTANTIATE::TREE,611.657512205857,20.1476615008885,-431.384200139334,1,0,0,0,1,0
INSTANTIATE::TREE,615.050972297583,20.1491403949436,-406.572277650477,1,0,0,0,1,0
INSTANTIATE::TREE,621.837892481036,20.1451643785636,-356.948432672765,1,0,0,0,1,0
INSTANTIATE::TREE,625.231352572762,20.1152646124236,-332.136510183909,1,0,0,0,1,0
INSTANTIATE::TREE,628.624812664489,20.0524527623103,-307.324587695053,1,0,0,0,1,0
INSTANTIATE::TREE,632.018272756215,20.0859148449967,-282.512665206197,1,0,0,0,1,0
INSTANTIATE::TREE,635.411732847941,22.1720289328161,-257.70074271734,1,0,0,0,1,0
INSTANTIATE::TREE,638.805192939668,29.0760646701946,-232.888820228484,1,0,0,0,1,0
INSTANTIATE::TREE,642.198653031394,36.4830388892671,-208.076897739628,1,0,0,0,1,0
INSTANTIATE::TREE,645.59211312312,39.5742693442447,-183.264975250772,1,0,0,0,1,0
INSTANTIATE::TREE,170.54874067054,13.9441504872042,-423.804829702121,1,0,0,0,1,0
INSTANTIATE::TREE,122.182470237404,13.1087790824556,-417.649258876147,1,0,0,0,1,0
INSTANTIATE::TREE,189.468654435975,16.3204125729276,-439.949822781959,1,0,0,0,1,0
INSTANTIATE::TREE,171.01301534151,18.6886587076998,-455.714014508482,1,0,0,0,1,0
INSTANTIATE::TREE,137.946661963927,11.9068187928219,-408.421439328914,1,0,0,0,1,0
INSTANTIATE::TREE,125.258410086482,11.1136741127646,-398.040142338278,1,0,0,0,1,0
INSTANTIATE::TREE,119.875515350596,16.0786086048216,-436.489390451747,1,0,0,0,1,0
INSTANTIATE::TREE,117.953052944923,19.1004058492213,-451.100104734865,1,0,0,0,1,0
INSTANTIATE::TREE,530.610561246721,28.4980355107643,-450.206906664948,1,0,0,0,1,0
INSTANTIATE::TREE,527.46584453994,24.7470110325807,-470.399298150592,1,0,0,0,1,0
INSTANTIATE::TREE,513.562886467858,32.4401127033524,-435.972925781626,1,0,0,0,1,0
INSTANTIATE::TREE,490.391289681054,33.1761782661046,-433.655766102945,1,0,0,0,1,0
INSTANTIATE::TREE,473.509126307811,30.2498818333243,-440.938267950226,1,0,0,0,1,0
INSTANTIATE::TREE,471.688500845991,26.6381932709454,-455.834294456029,1,0,0,0,1,0
INSTANTIATE::TREE,480.129582532612,22.7222909551633,-481.323050921514,1,0,0,0,1,0
INSTANTIATE::TREE,509.590612732977,22.7314083584529,-484.798790439534,1,0,0,0,1,0
INSTANTIATE::TREE,249.701701496647,50.4454937908985,-572.59018640078,1,0,0,0,1,0
INSTANTIATE::TREE,265.789410122914,52.0950967422129,-581.304361906675,1,0,0,0,1,0
INSTANTIATE::TREE,249.8357657352,55.1579217592138,-592.833886422166,1,0,0,0,1,0
INSTANTIATE::TREE,260.829033296482,57.6416418952461,-607.580952662911,1,0,0,0,1,0
INSTANTIATE::TREE,266.258634957847,59.4302656480082,-619.526076317914,1,0,0,0,1,0
INSTANTIATE::TREE,247.363621176296,59.4838467335279,-617.24564362014,1,0,0,0,1,0
INSTANTIATE::TREE,223.584984069024,59.483846733528,-613.99350319872,1,0,0,0,1,0
INSTANTIATE::TREE,199.806346961751,59.483846733528,-610.741362777298,1,0,0,0,1,0
INSTANTIATE::TREE,176.027709854479,59.4838467335279,-607.489222355878,1,0,0,0,1,0
INSTANTIATE::TREE,518.125356835439,38.0607732951763,-361.780964576014,1,0,0,0,1,0
INSTANTIATE::TREE,492.201053179181,38.7200528668467,-358.235367095496,1,0,0,0,1,0
INSTANTIATE::TREE,518.603262577253,38.4525570691121,-365.883563734262,1,0,0,0,1,0
INSTANTIATE::TREE,492.989100232141,39.3815928860808,-362.380383449052,1,0,0,0,1,0
INSTANTIATE::TREE,590.94438507353,23.8902532872384,-371.740227763107,1,0,0,0,1,0
INSTANTIATE::TREE,565.020081417272,29.1819008476666,-368.194630282589,1,0,0,0,1,0
INSTANTIATE::TREE,539.095777761015,34.5968861132627,-364.64903280207,1,0,0,0,1,0
INSTANTIATE::TREE,590.491866881908,23.8956662390356,-375.715575335432,1,0,0,0,1,0
INSTANTIATE::TREE,564.877704536796,29.2138057968217,-372.212395050221,1,0,0,0,1,0
INSTANTIATE::TREE,539.263542191684,34.7659194484305,-368.709214765011,1,0,0,0,1,0
INSTANTIATE::TREE,212.629064749347,17.041607174834,-311.339851257415,1,0,0,0,1,0
INSTANTIATE::TREE,213.245856547081,17.3522337726947,-307.387656016518,1,0,0,0,1,0
INSTANTIATE::TREE,187.912168522477,16.4285446056145,-307.588179508695,1,0,0,0,1,0
INSTANTIATE::TREE,188.528960320212,16.8361993452909,-303.635984267797,1,0,0,0,1,0
INSTANTIATE::TREE,159.131956324432,16.3237752648813,-303.219754442921,1,0,0,0,1,0
INSTANTIATE::TREE,159.765272440105,16.7742571875414,-299.270067357425,1,0,0,0,1,0
INSTANTIATE::TREE,103.393289331857,58.5608898666757,-591.581822980314,1,0,0,0,1,0
INSTANTIATE::TREE,128.276629031155,58.4752527592257,-594.45271755852,1,0,0,0,1,0
INSTANTIATE::TREE,153.168948045261,58.1712601730348,-595.995881083102,1,0,0,0,1,0
INSTANTIATE::TREE,193.126015297555,51.0977167916926,-567.368134628683,1,0,0,0,1,0
INSTANTIATE::TREE,211.831462642224,45.7486673764385,-550.867211471061,1,0,0,0,1,0
INSTANTIATE::TREE,235.818654555844,42.7570944861479,-544.554105184044,1,0,0,0,1,0
INSTANTIATE::TREE,260.810646747434,42.0432077550616,-545.753874938758,1,0,0,0,1,0
INSTANTIATE::TREE,285.618191786994,42.0110135203835,-549.208365256758,1,0,0,0,1,0
INSTANTIATE::TREE,310.349219978099,41.6698681946153,-553.183668257177,1,0,0,0,1,0
INSTANTIATE::TREE,335.080248169203,40.5913585106275,-557.158971257596,1,0,0,0,1,0
INSTANTIATE::TREE,359.811276360308,39.3960696124279,-561.134274258014,1,0,0,0,1,0
INSTANTIATE::TREE,384.542304551413,38.3004069179239,-565.109577258433,1,0,0,0,1,0
INSTANTIATE::TREE,409.273332742518,36.9133649866794,-569.084880258852,1,0,0,0,1,0
INSTANTIATE::TREE,434.004360933623,34.6816620856162,-573.060183259271,1,0,0,0,1,0
INSTANTIATE::TREE,458.735389124728,31.6174850755295,-577.035486259689,1,0,0,0,1,0
INSTANTIATE::TREE,483.466417315833,29.2680849670301,-581.010789260108,1,0,0,0,1,0
INSTANTIATE::TREE,508.197445506938,28.0432215387494,-584.986092260527,1,0,0,0,1,0
INSTANTIATE::TREE,532.928473698043,27.0790804107087,-588.961395260946,1,0,0,0,1,0
INSTANTIATE::TREE,557.659501889147,26.3924774829823,-592.936698261364,1,0,0,0,1,0
INSTANTIATE::TREE,582.390530080252,26.2091147798542,-596.912001261783,1,0,0,0,1,0
INSTANTIATE::TREE,102.501843717082,59.7924582710254,-599.532554139112,1,0,0,0,1,0
INSTANTIATE::TREE,127.361301190902,59.7149585455789,-602.400306603195,1,0,0,0,1,0
INSTANTIATE::TREE,152.249072747206,59.483846733528,-604.237081934457,1,0,0,0,1,0
INSTANTIATE::TREE,259.751751503599,44.6035838122647,-553.685134769923,1,0,0,0,1,0
INSTANTIATE::TREE,284.535317519842,44.5677072120401,-557.136739243496,1,0,0,0,1,0
INSTANTIATE::TREE,309.24255833664,44.190415372817,-561.108238489749,1,0,0,0,1,0
INSTANTIATE::TREE,333.949799153438,43.0407858705169,-565.079737736003,1,0,0,0,1,0
INSTANTIATE::TREE,358.657039970236,41.7732784179205,-569.051236982257,1,0,0,0,1,0
INSTANTIATE::TREE,383.364280787034,40.6166559362961,-573.022736228511,1,0,0,0,1,0
INSTANTIATE::TREE,408.071521603832,39.1631088540405,-576.994235474765,1,0,0,0,1,0
INSTANTIATE::TREE,432.77876242063,36.8389581993869,-580.965734721019,1,0,0,0,1,0
INSTANTIATE::TREE,457.486003237428,33.6184225163327,-584.937233967273,1,0,0,0,1,0
INSTANTIATE::TREE,482.193244054226,30.987705121198,-588.908733213526,1,0,0,0,1,0
INSTANTIATE::TREE,506.900484871024,29.3756225186195,-592.88023245978,1,0,0,0,1,0
INSTANTIATE::TREE,531.607725687822,28.0122643600957,-596.851731706034,1,0,0,0,1,0
INSTANTIATE::TREE,556.314966504621,27.0450090949885,-600.823230952288,1,0,0,0,1,0
INSTANTIATE::TREE,581.022207321418,26.781723680468,-604.794730198541,1,0,0,0,1,0
INSTANTIATE::TREE,611.914805999106,20.7050347854098,-374.608295989163,1,0,0,0,1,0
INSTANTIATE::TREE,456.368984061559,33.0804659797313,-353.334711106052,1,0,0,0,1,0
INSTANTIATE::TREE,430.444680405302,27.7998159552556,-349.789113625534,1,0,0,0,1,0
INSTANTIATE::TREE,404.520376749044,23.4921464884359,-346.243516145016,1,0,0,0,1,0
INSTANTIATE::TREE,611.152146496338,20.7287001710141,-378.54122636618,1,0,0,0,1,0
INSTANTIATE::TREE,457.467172425665,33.676560595602,-357.522144654916,1,0,0,0,1,0
INSTANTIATE::TREE,431.853010080553,28.2700412998214,-354.018964369705,1,0,0,0,1,0
INSTANTIATE::TREE,406.238847735441,23.8176168631316,-350.515784084494,1,0,0,0,1,0
INSTANTIATE::TREE,167.509819439408,20,-131.485522286802,1,0,0,0,1,0
INSTANTIATE::TREE,191.973441481476,20,-136.124694103934,1,0,0,0,1,0
INSTANTIATE::TREE,216.437063523544,20,-140.763865921065,1,0,0,0,1,0
INSTANTIATE::TREE,240.900685565613,20.0001357685176,-145.403037738197,1,0,0,0,1,0
INSTANTIATE::TREE,265.364307607681,20.040987877054,-150.042209555329,1,0,0,0,1,0
INSTANTIATE::TREE,289.827929649749,20.2756371315311,-154.681381372461,1,0,0,0,1,0
INSTANTIATE::TREE,314.291551691817,20.5805988667418,-159.320553189593,1,0,0,0,1,0
INSTANTIATE::TREE,338.755173733885,20.4752413354669,-163.959725006725,1,0,0,0,1,0
INSTANTIATE::TREE,363.218795775953,20.1364760000645,-168.598896823856,1,0,0,0,1,0
INSTANTIATE::TREE,387.682417818022,20.0060259816747,-173.238068640988,1,0,0,0,1,0
INSTANTIATE::TREE,412.14603986009,20.0231356184642,-177.87724045812,1,0,0,0,1,0
INSTANTIATE::TREE,436.609661902158,20.6509493358645,-182.516412275252,1,0,0,0,1,0
INSTANTIATE::TREE,461.073283944226,22.7277232984748,-187.155584092384,1,0,0,0,1,0
INSTANTIATE::TREE,510.000528028362,27.7275163132619,-196.433927726648,1,0,0,0,1,0
INSTANTIATE::TREE,534.464150070431,29.5596030115848,-201.073099543779,1,0,0,0,1,0
INSTANTIATE::TREE,558.927772112499,30.81078884458,-205.712271360911,1,0,0,0,1,0
INSTANTIATE::TREE,583.391394154567,31.1893521252625,-210.351443178043,1,0,0,0,1,0
INSTANTIATE::TREE,607.855016196635,31.1603080396776,-214.990614995175,1,0,0,0,1,0
INSTANTIATE::TREE,632.318638238703,32.0159031871704,-219.629786812307,1,0,0,0,1,0
INSTANTIATE::TREE,166.758138705903,20,-139.485552950532,1,0,0,0,1,0
INSTANTIATE::TREE,191.171268537112,20,-144.115149650733,1,0,0,0,1,0
INSTANTIATE::TREE,215.58439836832,20,-148.744746350934,1,0,0,0,1,0
INSTANTIATE::TREE,239.997528199528,20.0003121231244,-153.374343051135,1,0,0,0,1,0
INSTANTIATE::TREE,264.410658030737,20.0825865045004,-158.003939751336,1,0,0,0,1,0
INSTANTIATE::TREE,288.823787861945,20.5365957925567,-162.633536451537,1,0,0,0,1,0
INSTANTIATE::TREE,313.236917693153,21.1008167963866,-167.263133151738,1,0,0,0,1,0
INSTANTIATE::TREE,337.650047524362,20.8823104042935,-171.892729851939,1,0,0,0,1,0
INSTANTIATE::TREE,362.06317735557,20.2494857355813,-176.52232655214,1,0,0,0,1,0
INSTANTIATE::TREE,386.476307186778,20.0110461594311,-181.151923252341,1,0,0,0,1,0
INSTANTIATE::TREE,410.889437017987,20.0176530433948,-185.781519952542,1,0,0,0,1,0
INSTANTIATE::TREE,435.302566849195,20.5067412840684,-190.411116652743,1,0,0,0,1,0
INSTANTIATE::TREE,459.715696680403,22.1328150465362,-195.040713352944,1,0,0,0,1,0
INSTANTIATE::TREE,508.54195634282,26.2023580089428,-204.299906753345,1,0,0,0,1,0
INSTANTIATE::TREE,532.955086174029,27.8032752036465,-208.929503453546,1,0,0,0,1,0
INSTANTIATE::TREE,557.368216005237,28.926123134749,-213.559100153747,1,0,0,0,1,0
INSTANTIATE::TREE,581.781345836445,29.2217876299687,-218.188696853948,1,0,0,0,1,0
INSTANTIATE::TREE,606.194475667654,29.0430851585549,-222.818293554149,1,0,0,0,1,0
INSTANTIATE::TREE,630.607605498862,29.5337035790938,-227.44789025435,1,0,0,0,1,0
INSTANTIATE::TREE,227.179406691066,18.0146317957272,-309.502569877658,1,0,0,0,1,0
INSTANTIATE::TREE,199.168766822513,41.6880410225138,-536.22803791699,1,0,0,0,1,0
INSTANTIATE::TREE,202.964614706183,33.1450190027435,-511.206464378964,1,0,0,0,1,0
INSTANTIATE::TREE,209.483220490615,20.0861599860909,-460.999520480393,1,0,0,0,1,0
INSTANTIATE::TREE,212.74252338283,17.490533230591,-435.896048531107,1,0,0,0,1,0
INSTANTIATE::TREE,216.001826275046,16.9048336060869,-410.792576581821,1,0,0,0,1,0
INSTANTIATE::TREE,219.261129167262,16.8475556710874,-385.689104632536,1,0,0,0,1,0
INSTANTIATE::TREE,222.520432059478,16.8668441448142,-360.58563268325,1,0,0,0,1,0
INSTANTIATE::TREE,225.779734951693,17.1199216484476,-335.482160733964,1,0,0,0,1,0
INSTANTIATE::TREE,231.974520214156,18.1267822234252,-314.276215033324,1,0,0,0,1,0
INSTANTIATE::TREE,257.002031787954,19.5131092321293,-318.075033754347,1,0,0,0,1,0
INSTANTIATE::TREE,265.766557455747,20.0049539669243,-299.885864188485,1,0,0,0,1,0
INSTANTIATE::TREE,269.461767594983,20.9915082759779,-274.842845574934,1,0,0,0,1,0
INSTANTIATE::TREE,273.156977734219,22.2924107430127,-249.799826961383,1,0,0,0,1,0
INSTANTIATE::TREE,276.852187873454,22.8494459911586,-224.756808347832,1,0,0,0,1,0
INSTANTIATE::TREE,280.54739801269,22.3110115016145,-199.713789734281,1,0,0,0,1,0
INSTANTIATE::TREE,284.242608151925,21.0179367167346,-174.67077112073,1,0,0,0,1,0
INSTANTIATE::TREE,191.951443270769,46.2696474124095,-549.878850342225,1,0,0,0,1,0
INSTANTIATE::TREE,196.966467742298,38.3024806398097,-525.711635495531,1,0,0,0,1,0
INSTANTIATE::TREE,200.225600338628,30.0173761127492,-501.235644516015,1,0,0,0,1,0
INSTANTIATE::TREE,203.404938022957,23.1182891196534,-476.748072475236,1,0,0,0,1,0
INSTANTIATE::TREE,206.584275707285,18.6610662928172,-452.26050043446,1,0,0,0,1,0
INSTANTIATE::TREE,209.763613391614,16.7854537737646,-427.772928393679,1,0,0,0,1,0
INSTANTIATE::TREE,212.942951075942,16.4420235999445,-403.285356352903,1,0,0,0,1,0
INSTANTIATE::TREE,216.122288760271,16.3968336031517,-378.797784312124,1,0,0,0,1,0
INSTANTIATE::TREE,219.301626444599,16.4685647191546,-354.310212271351,1,0,0,0,1,0
INSTANTIATE::TREE,222.480964128928,16.9069007524449,-329.822640230569,1,0,0,0,1,0
INSTANTIATE::TREE,229.008185996747,18.1155442567592,-309.780152450842,1,0,0,0,1,0
INSTANTIATE::TREE,253.421661308165,19.4099397578444,-313.485769239182,1,0,0,0,1,0
INSTANTIATE::TREE,262.274124236628,19.9901043945746,-296.152484562191,1,0,0,0,1,0
INSTANTIATE::TREE,265.878674422879,20.885324338039,-271.72388266773,1,0,0,0,1,0
INSTANTIATE::TREE,269.48322460913,21.8887652954293,-247.295280773269,1,0,0,0,1,0
INSTANTIATE::TREE,273.087774795381,22.2715961440549,-222.866678878807,1,0,0,0,1,0
INSTANTIATE::TREE,276.692324981632,21.8214457867582,-198.438076984346,1,0,0,0,1,0
INSTANTIATE::TREE,280.296875167883,20.8104919782483,-174.009475089885,1,0,0,0,1,0
INSTANTIATE::TREE,482.644108959944,25.7815771879436,-185.687878234657,1,0,0,0,1,0
INSTANTIATE::TREE,478.790533091214,22.6330799640339,-210.293289780759,1,0,0,0,1,0
INSTANTIATE::TREE,474.936957222483,20.6195885760613,-234.898701326861,1,0,0,0,1,0
INSTANTIATE::TREE,471.083381353753,20.503188023025,-259.504112872959,1,0,0,0,1,0
INSTANTIATE::TREE,467.229805485023,23.0665602363317,-284.109524419061,1,0,0,0,1,0
INSTANTIATE::TREE,463.376229616293,27.4547063505926,-308.714935965163,1,0,0,0,1,0
INSTANTIATE::TREE,459.522653747563,31.211716115902,-333.320347511263,1,0,0,0,1,0
INSTANTIATE::TREE,455.669077878832,33.347682019024,-357.925759057365,1,0,0,0,1,0
INSTANTIATE::TREE,439.768682858557,30.6267333686942,-370.396099111382,1,0,0,0,1,0
INSTANTIATE::TREE,424.390146599662,27.7635548430718,-388.351331770942,1,0,0,0,1,0
INSTANTIATE::TREE,410.973256140663,25.4608241771185,-409.333785744209,1,0,0,0,1,0
INSTANTIATE::TREE,407.263399051111,24.2129787193845,-433.941702426524,1,0,0,0,1,0
INSTANTIATE::TREE,403.640669025929,22.2148004469839,-458.582160041871,1,0,0,0,1,0
INSTANTIATE::TREE,400.017939000747,21.9230764371194,-483.222617657218,1,0,0,0,1,0
INSTANTIATE::TREE,396.395208975565,24.623017671925,-507.863075272565,1,0,0,0,1,0
INSTANTIATE::TREE,392.772478950383,29.4215150327404,-532.503532887912,1,0,0,0,1,0
INSTANTIATE::TREE,389.149748925201,35.7083344514309,-557.143990503259,1,0,0,0,1,0
INSTANTIATE::TREE,385.527018900019,42.8204789545681,-581.784448118606,1,0,0,0,1,0
INSTANTIATE::TREE,474.633504049718,24.6831372555373,-185.13292668967,1,0,0,0,1,0
INSTANTIATE::TREE,470.798013138793,22.0907603534641,-209.622864233252,1,0,0,0,1,0
INSTANTIATE::TREE,466.962522227867,20.4862131660482,-234.112801776835,1,0,0,0,1,0
INSTANTIATE::TREE,463.127031316941,20.4740519526399,-258.602739320418,1,0,0,0,1,0
INSTANTIATE::TREE,459.291540406015,22.8642430229393,-283.092676864001,1,0,0,0,1,0
INSTANTIATE::TREE,455.456049495089,26.8336328828545,-307.582614407583,1,0,0,0,1,0
INSTANTIATE::TREE,451.620558584164,29.9926861145431,-332.072551951166,1,0,0,0,1,0
INSTANTIATE::TREE,447.785067673238,31.6291712680231,-356.562489494749,1,0,0,0,1,0
INSTANTIATE::TREE,428.785952435006,28.1676320253339,-366.626657716425,1,0,0,0,1,0
INSTANTIATE::TREE,415.432027882501,26.074966088146,-387.51064034576,1,0,0,0,1,0
INSTANTIATE::TREE,402.888900222708,24.2771362572889,-408.697446071222,1,0,0,0,1,0
INSTANTIATE::TREE,399.283171788224,23.355177763067,-433.222265211699,1,0,0,0,1,0
INSTANTIATE::TREE,395.677443353739,21.8182915874834,-457.747084352177,1,0,0,0,1,0
INSTANTIATE::TREE,392.071714919255,21.8602821156599,-482.271903492654,1,0,0,0,1,0
INSTANTIATE::TREE,388.46598648477,24.6691634384576,-506.796722633132,1,0,0,0,1,0
INSTANTIATE::TREE,384.860258050286,29.6040216344706,-531.321541773609,1,0,0,0,1,0
INSTANTIATE::TREE,381.254529615802,36.0365439296481,-555.846360914086,1,0,0,0,1,0
INSTANTIATE::TREE,377.648801181317,43.1815326229861,-580.371180054564,1,0,0,0,1,0
INSTANTIATE::LAMP,579.539927300875,35.00248832,-666.217970288747,1,0,0,0,1,0
INSTANTIATE::LAMP,582.927573573188,31.13239874048,-641.448556635338,1,0,0,0,1,0
INSTANTIATE::LAMP,586.315219845502,27.78978163712,-616.679142981929,1,0,0,0,1,0
INSTANTIATE::LAMP,589.702866117815,25.86270668288,-591.90972932852,1,0,0,0,1,0
INSTANTIATE::LAMP,593.090512390129,25.0547562461867,-567.140315675111,1,0,0,0,1,0
INSTANTIATE::LAMP,596.478158662442,24.1666666666667,-542.370902021702,1,0,0,0,1,0
INSTANTIATE::LAMP,599.865804934756,22.1319518583467,-517.601488368293,1,0,0,0,1,0
INSTANTIATE::LAMP,603.253451207069,20.4683642743467,-492.832074714884,1,0,0,0,1,0
INSTANTIATE::LAMP,606.641097479383,20.1119955933867,-468.062661061476,1,0,0,0,1,0
INSTANTIATE::LAMP,610.028743751696,20.14258405376,-443.293247408067,1,0,0,0,1,0
INSTANTIATE::LAMP,613.41639002401,20.14888448,-418.523833754658,1,0,0,0,1,0
INSTANTIATE::LAMP,616.804036296323,20.1491830784,-393.754420101249,1,0,0,0,1,0
INSTANTIATE::LAMP,620.191682568637,20.14839676928,-368.98500644784,1,0,0,0,1,0
INSTANTIATE::LAMP,623.57932884095,20.13498970112,-344.215592794431,1,0,0,0,1,0
INSTANTIATE::LAMP,626.966975113264,20.08445689856,-319.446179141022,1,0,0,0,1,0
INSTANTIATE::LAMP,630.354621385577,20.02446848,-294.676765487613,1,0,0,0,1,0
INSTANTIATE::LAMP,633.742267657891,20.6544659456,-269.907351834204,1,0,0,0,1,0
INSTANTIATE::LAMP,637.129913930204,25.15409439744,-245.137938180795,1,0,0,0,1,0
INSTANTIATE::LAMP,640.517560202518,33.20555943936,-220.368524527386,1,0,0,0,1,0
INSTANTIATE::LAMP,643.905206474831,38.55278101504,-195.599110873977,1,0,0,0,1,0
INSTANTIATE::LAMP,647.292852747145,39.85567744,-170.829697220568,1,0,0,0,1,0
INSTANTIATE::TARGETS::PARK,162.812322473249,15.0421194661029,-434.129592351127,1,0,0,0,1,0
INSTANTIATE::TARGETS::PARK,237.05677551335,55.2240105304687,-591.410604712394,1,0,0,0,1,0
INSTANTIATE::TARGETS::PARK,499.843063247393,26.9439660280835,-458.552109798528,1,0,0,0,1,0
INSTANTIATE::TARGETS::MIDALLEY,442.531195635513,44.3446268406898,-621.309051884407,1,0,0,0,1,0
INSTANTIATE::TARGETS::MIDALLEY,480.897740627403,25.2322757495911,-542.221163283263,1,0,0,0,1,0
INSTANTIATE::TARGETS::MIDALLEY,503.185497674533,34.2133802144465,-430.361854329741,1,0,0,0,1,0
INSTANTIATE::TARGETS::MIDALLEY,557.012533561943,21.8163795789524,-498.066172906872,1,0,0,0,1,0
INSTANTIATE::TARGETS::MIDALLEY,295.446781046565,24.2765431772208,-489.655698549464,1,0,0,0,1,0
INSTANTIATE::TARGETS::MIDALLEY,151.207145817024,24.4244575998866,-476.619463295482,1,0,0,0,1,0
INSTANTIATE::TARGETS::MIDALLEY,345.581839091266,20.0271566659548,-366.912770488028,1,0,0,0,1,0
INSTANTIATE::TARGETS::MIDALLEY,386.967680785479,21.7643169122705,-362.498280707312,1,0,0,0,1,0
INSTANTIATE::TARGETS::MIDALLEY,329.855219247465,20.0000010596287,-337.114964468194,1,0,0,0,1,0
INSTANTIATE::TARGETS::MIDALLEY,304.747808619642,21.2109621966053,-290.762821770675,1,0,0,0,1,0
INSTANTIATE::TARGETS::MIDALLEY,359.377119656004,20.7050524397342,-240.823906126324,1,0,0,0,1,0
INSTANTIATE::TARGETS::INTERSECTIONS,325.719882042661,20,-363.740482054711,1,0,0,0,1,0
INSTANTIATE::TARGETS::INTERSECTIONS,643.808170166714,32.269235683228,-225.900989059857,1,0,0,0,1,0
INSTANTIATE::TARGETS::INTERSECTIONS,623.117370828766,20.0150072425335,-378.024535889903,1,0,0,0,1,0
INSTANTIATE::TARGETS::INTERSECTIONS,593.220271414392,26.4810107312711,-602.615651680581,1,0,0,0,1,0
INSTANTIATE::TARGETS::INTERSECTIONS,452.406088674551,32.4326626250367,-354.796201262414,1,0,0,0,1,0
INSTANTIATE::TARGETS::INTERSECTIONS,477.216988028904,24.1213084266769,-194.15614103593,1,0,0,0,1,0
INSTANTIATE::TARGETS::INTERSECTIONS,372.304730894602,20.0804459120892,-174.740560981855,1,0,0,0,1,0
INSTANTIATE::TARGETS::INTERSECTIONS,284.764308545526,20.3114477752136,-158.049974619579,1,0,0,0,1,0
INSTANTIATE::TARGETS::INTERSECTIONS,266.370601125876,20.4777256601133,-283.740308653856,1,0,0,0,1,0
INSTANTIATE::TARGETS::INTERSECTIONS,261.453963132603,19.6847667020136,-315.474972064979,1,0,0,0,1,0
INSTANTIATE::TARGETS::INTERSECTIONS,227.013526070933,17.8982693625763,-311.723080876696,1,0,0,0,1,0
INSTANTIATE::TARGETS::INTERSECTIONS,204.356803518789,24.8547733302106,-483.843704766307,1,0,0,0,1,0
INSTANTIATE::TARGETS::INTERSECTIONS,181.769498699659,55.5112035901913,-585.275182353712,1,0,0,0,1,0
INSTANTIATE::TARGETS::INTERSECTIONS,383.419031892861,39.5633566107118,-569.265844414386,1,0,0,0,1,0
INSTANTIATE::LAMP,404.549312917088,23.5338606394896,-348.03677124779,1,0,0,0,1,0
INSTANTIATE::LAMP,388.444305894602,21.8583929186166,-358.968108516656,1,0,0,0,1,0
INSTANTIATE::LAMP,372.339298872116,20.7497497692355,-369.899445785523,1,0,0,0,1,0
INSTANTIATE::LAMP,406.238847735444,23.8176168631321,-350.515784084495,1,0,0,0,1,0
INSTANTIATE::LAMP,390.149242377169,22.0611912684826,-361.43666741281,1,0,0,0,1,0
INSTANTIATE::LAMP,374.059637018893,20.8695517210851,-372.357550741125,1,0,0,0,1,0
INSTANTIATE::LAMP,374.059637018893,20.8695517210851,-372.357550741125,1,0,0,0,1,0
INSTANTIATE::LAMP,369.495654748969,20.8153218684684,-399.826752440485,1,0,0,0,1,0
INSTANTIATE::LAMP,370.959725997454,20.6959650149083,-372.711357410646,1,0,0,0,1,0
INSTANTIATE::LAMP,366.536224953447,20.6509848537464,-399.335045937191,1,0,0,0,1,0
INSTANTIATE::LAMP,323.980968411063,20,-364.905880606696,1,0,0,0,1,0
INSTANTIATE::LAMP,347.470347204258,20.0423769387129,-368.808619008671,1,0,0,0,1,0
INSTANTIATE::LAMP,370.959725997454,20.6959650149083,-372.711357410646,1,0,0,0,1,0
INSTANTIATE::LAMP,327.385153930439,20,-362.430356486207,1,0,0,0,1,0
INSTANTIATE::LAMP,349.862226401277,20.0611959056849,-366.164901135865,1,0,0,0,1,0
INSTANTIATE::LAMP,372.339298872116,20.7497497692355,-369.899445785523,1,0,0,0,1,0
INSTANTIATE::LAMP,336.923889550807,20.3220884400041,-298.736218634074,1,0,0,0,1,0
INSTANTIATE::LAMP,333.744311010684,20.0313176192889,-319.967597918118,1,0,0,0,1,0
INSTANTIATE::LAMP,330.564732470562,20,-341.198977202163,1,0,0,0,1,0
INSTANTIATE::LAMP,327.385153930439,20,-362.430356486207,1,0,0,0,1,0
INSTANTIATE::LAMP,333.974204349865,20.3894211935431,-298.17685353147,1,0,0,0,1,0
INSTANTIATE::LAMP,330.643125703598,20.0322530221584,-320.419862556546,1,0,0,0,1,0
INSTANTIATE::LAMP,327.312047057331,20,-342.662871581621,1,0,0,0,1,0
INSTANTIATE::LAMP,323.980968411063,20,-364.905880606697,1,0,0,0,1,0
INSTANTIATE::LAMP,370.820274613593,20.0917754029577,-174.111695273677,1,0,0,0,1,0
INSTANTIATE::LAMP,366.13416271439,20.3758525532195,-198.822845209017,1,0,0,0,1,0
INSTANTIATE::LAMP,361.448050815186,20.6898454263301,-223.533995144358,1,0,0,0,1,0
INSTANTIATE::LAMP,356.761938915983,20.7854384673786,-248.245145079698,1,0,0,0,1,0
INSTANTIATE::LAMP,352.07582701678,20.5608629149137,-272.956295015039,1,0,0,0,1,0
INSTANTIATE::LAMP,347.389715117576,20.1848603761344,-297.667444950379,1,0,0,0,1,0
INSTANTIATE::LAMP,336.923889550807,20.3220884400041,-298.736218634074,1,0,0,0,1,0
INSTANTIATE::LAMP,349.778240236648,20.1194391541405,-301.173860179007,1,0,0,0,1,0
INSTANTIATE::LAMP,373.767744787444,20.0672997697433,-174.670640328455,1,0,0,0,1,0
INSTANTIATE::LAMP,368.969843877285,20.2839848720634,-199.971284298565,1,0,0,0,1,0
INSTANTIATE::LAMP,364.171942967126,20.5228671825902,-225.271928268676,1,0,0,0,1,0
INSTANTIATE::LAMP,359.374042056967,20.5894261393943,-250.572572238787,1,0,0,0,1,0
INSTANTIATE::LAMP,354.576141146808,20.4028449070569,-275.873216208898,1,0,0,0,1,0
INSTANTIATE::LAMP,349.778240236649,20.1194391541405,-301.173860179009,1,0,0,0,1,0
INSTANTIATE::LAMP,267.868472206603,20.4703284278035,-285.640858289943,1,0,0,0,1,0
INSTANTIATE::LAMP,289.903716254357,21.0396562789862,-289.819523370452,1,0,0,0,1,0
INSTANTIATE::LAMP,311.938960302111,20.9401350079577,-293.998188450961,1,0,0,0,1,0
INSTANTIATE::LAMP,333.974204349865,20.3894211935431,-298.17685353147,1,0,0,0,1,0
INSTANTIATE::LAMP,268.306760856466,20.6017154451293,-282.670507375364,1,0,0,0,1,0
INSTANTIATE::LAMP,290.854789459801,21.2875047063559,-286.946414624445,1,0,0,0,1,0
INSTANTIATE::LAMP,313.402818063136,21.1353688702863,-291.222321873527,1,0,0,0,1,0
INSTANTIATE::LAMP,335.950846666471,20.4393628042993,-295.498229122609,1,0,0,0,1,0
INSTANTIATE::LAMP,480.560237036671,23.9844274022129,-198.993578713415,1,0,0,0,1,0
INSTANTIATE::LAMP,476.753769039209,21.3801806627132,-223.298202471992,1,0,0,0,1,0
INSTANTIATE::LAMP,472.947301041747,20.2706805865354,-247.602826230568,1,0,0,0,1,0
INSTANTIATE::LAMP,469.140833044285,21.4291889342415,-271.907449989145,1,0,0,0,1,0
INSTANTIATE::LAMP,465.334365046823,25.1570921943824,-296.212073747721,1,0,0,0,1,0
INSTANTIATE::LAMP,461.527897049361,29.4402847406458,-320.516697506298,1,0,0,0,1,0
INSTANTIATE::LAMP,457.721429051899,32.4281378884149,-344.821321264874,1,0,0,0,1,0
INSTANTIATE::LAMP,453.188875194257,33.5223481087079,-368.394540018375,1,0,0,0,1,0
INSTANTIATE::LAMP,431.863790340078,29.1004416140467,-376.663423438151,1,0,0,0,1,0
INSTANTIATE::LAMP,418.610914077267,26.7436578909091,-397.389378311795,1,0,0,0,1,0
INSTANTIATE::LAMP,409.369949146937,25.069757761899,-419.613734846824,1,0,0,0,1,0
INSTANTIATE::LAMP,405.79150502801,23.383512355137,-443.952976255491,1,0,0,0,1,0
INSTANTIATE::LAMP,402.213060909082,21.7405254423207,-468.292217664158,1,0,0,0,1,0
INSTANTIATE::LAMP,398.634616790154,22.6426832407755,-492.631459072825,1,0,0,0,1,0
INSTANTIATE::LAMP,395.056172671226,26.1983776714039,-516.970700481492,1,0,0,0,1,0
INSTANTIATE::LAMP,391.477728552298,31.5174026530922,-541.309941890159,1,0,0,0,1,0
INSTANTIATE::LAMP,387.89928443337,38.1396128496883,-565.649183298826,1,0,0,0,1,0
INSTANTIATE::LAMP,91.3658170145508,58.5703473183423,-589.995866008415,1,0,0,0,1,0
INSTANTIATE::LAMP,116.206145032957,58.5200997334836,-593.080200395827,1,0,0,0,1,0
INSTANTIATE::LAMP,141.065524861758,58.4446155037848,-596.012238361533,1,0,0,0,1,0
INSTANTIATE::LAMP,165.250591312163,57.1498793181067,-591.699257427935,1,0,0,0,1,0
INSTANTIATE::LAMP,184.875688599272,53.5282450381373,-576.351668930904,1,0,0,0,1,0
INSTANTIATE::LAMP,202.074485010164,48.2848089529993,-558.174484641648,1,0,0,0,1,0
INSTANTIATE::LAMP,223.715002215162,43.801729054963,-546.189661335374,1,0,0,0,1,0
INSTANTIATE::LAMP,248.613179636978,42.2317424888143,-544.669263176675,1,0,0,0,1,0
INSTANTIATE::LAMP,273.487966020967,42.0133052415335,-547.405209023923,1,0,0,0,1,0
INSTANTIATE::LAMP,298.224702727732,41.9345267391863,-551.234754955572,1,0,0,0,1,0
INSTANTIATE::LAMP,322.939454558399,41.1818187788639,-555.207441669114,1,0,0,0,1,0
INSTANTIATE::LAMP,347.654206389065,39.9567562984247,-559.180128382657,1,0,0,0,1,0
INSTANTIATE::LAMP,372.368958219731,38.8487868230523,-563.1528150962,1,0,0,0,1,0
INSTANTIATE::LAMP,397.083710050397,37.6647207722028,-567.125501809742,1,0,0,0,1,0
INSTANTIATE::LAMP,421.798461881064,35.9267004158592,-571.098188523285,1,0,0,0,1,0
INSTANTIATE::LAMP,446.51321371173,33.1506353971031,-575.070875236828,1,0,0,0,1,0
INSTANTIATE::LAMP,471.227965542396,30.2471392171298,-579.043561950371,1,0,0,0,1,0
INSTANTIATE::LAMP,495.942717373063,28.568661567222,-583.016248663913,1,0,0,0,1,0
INSTANTIATE::LAMP,520.657469203729,27.5481147750562,-586.988935377456,1,0,0,0,1,0
INSTANTIATE::LAMP,545.372221034395,26.6725993079472,-590.961622090999,1,0,0,0,1,0
INSTANTIATE::LAMP,570.086972865061,26.2503788221835,-594.934308804541,1,0,0,0,1,0
INSTANTIATE::LAMP,594.801724695728,26.2189490276825,-598.906995518084,1,0,0,0,1,0
INSTANTIATE::LAMP,176.642250891551,55.4149163689611,-584.092878255854,1,0,0,0,1,0
INSTANTIATE::LAMP,188.071177451729,49.9383220193532,-562.250863887876,1,0,0,0,1,0
INSTANTIATE::LAMP,194.655834877206,42.5933330923515,-538.413429922604,1,0,0,0,1,0
INSTANTIATE::LAMP,198.570769265907,34.2681372574811,-513.981316455278,1,0,0,0,1,0
INSTANTIATE::LAMP,201.757636458012,26.4181757832352,-489.435751403874,1,0,0,0,1,0
INSTANTIATE::LAMP,204.944503650116,20.6350350159227,-464.890186352474,1,0,0,0,1,0
INSTANTIATE::LAMP,208.131370842222,17.4579726674434,-440.344621301067,1,0,0,0,1,0
INSTANTIATE::LAMP,211.318238034327,16.524274838545,-415.799056249663,1,0,0,0,1,0
INSTANTIATE::LAMP,214.505105226431,16.4063812388017,-391.253491198266,1,0,0,0,1,0
INSTANTIATE::LAMP,217.691972418536,16.4148540340095,-366.707926146862,1,0,0,0,1,0
INSTANTIATE::LAMP,220.878839610642,16.6072220317031,-342.162361095456,1,0,0,0,1,0
INSTANTIATE::LAMP,224.065706802747,17.4281732725326,-317.616796044052,1,0,0,0,1,0
INSTANTIATE::LAMP,241.234914156528,18.8059662501595,-311.635995117951,1,0,0,0,1,0
INSTANTIATE::LAMP,260.48333718281,19.7292960386359,-308.288929265429,1,0,0,0,1,0
INSTANTIATE::LAMP,264.096423891869,20.3827442789884,-283.802474017157,1,0,0,0,1,0
INSTANTIATE::LAMP,267.709510600929,21.4320290141885,-259.316018768886,1,0,0,0,1,0
INSTANTIATE::LAMP,271.322597309988,22.1859718456168,-234.829563520615,1,0,0,0,1,0
INSTANTIATE::LAMP,274.935684019048,22.1465756980876,-210.343108272344,1,0,0,0,1,0
INSTANTIATE::LAMP,278.548770728107,21.3181210137893,-185.856653024072,1,0,0,0,1,0
INSTANTIATE::LAMP,282.161857437167,20.3669166056214,-161.370197775801,1,0,0,0,1,0
INSTANTIATE::LAMP,153.430455239697,20,-136.958150695144,1,0,0,0,1,0
INSTANTIATE::LAMP,178.020234837133,20,-141.621246466561,1,0,0,0,1,0
INSTANTIATE::LAMP,202.610014434569,20,-146.284342237978,1,0,0,0,1,0
INSTANTIATE::LAMP,227.199794032005,20,-150.947438009395,1,0,0,0,1,0
INSTANTIATE::LAMP,251.789573629441,20.0142493641961,-155.610533780812,1,0,0,0,1,0
INSTANTIATE::LAMP,276.379353226877,20.2434812475555,-160.273629552229,1,0,0,0,1,0
INSTANTIATE::LAMP,300.969132824313,20.8625785814557,-164.936725323645,1,0,0,0,1,0
INSTANTIATE::LAMP,325.55891242175,21.104916348256,-169.599821095062,1,0,0,0,1,0
INSTANTIATE::LAMP,350.148692019186,20.5402723084818,-174.262916866479,1,0,0,0,1,0
INSTANTIATE::LAMP,374.738471616622,20.0747543905705,-178.926012637896,1,0,0,0,1,0
INSTANTIATE::LAMP,399.328251214058,20.0000000014904,-183.589108409313,1,0,0,0,1,0
INSTANTIATE::LAMP,423.918030811494,20.1651835368265,-188.25220418073,1,0,0,0,1,0
INSTANTIATE::LAMP,448.50781040893,21.2525540493551,-192.915299952147,1,0,0,0,1,0
INSTANTIATE::LAMP,473.097590006366,23.3192603394847,-197.578395723564,1,0,0,0,1,0
INSTANTIATE::LAMP,497.687369603802,25.3944441158886,-202.24149149498,1,0,0,0,1,0
INSTANTIATE::LAMP,522.277149201238,27.1401238580295,-206.904587266397,1,0,0,0,1,0
INSTANTIATE::LAMP,546.866928798674,28.5288233084495,-211.567683037814,1,0,0,0,1,0
INSTANTIATE::LAMP,571.45670839611,29.1944645452256,-216.230778809231,1,0,0,0,1,0
INSTANTIATE::LAMP,596.046487993546,29.1318010173032,-220.893874580648,1,0,0,0,1,0
INSTANTIATE::LAMP,620.636267590982,29.0994045290863,-225.556970352065,1,0,0,0,1,0
INSTANTIATE::LAMP,645.226047188418,31.2122960746676,-230.220066123482,1,0,0,0,1,0
INSTANTIATE::LAMP,152.121287552875,16.3257622205928,-302.15563507581,1,0,0,0,1,0
INSTANTIATE::LAMP,176.295490151649,16.3517177964999,-305.824933684552,1,0,0,0,1,0
INSTANTIATE::LAMP,200.469692750422,16.6390663391109,-309.494232293293,1,0,0,0,1,0
INSTANTIATE::LAMP,224.643895349196,17.6726141312838,-313.163530902035,1,0,0,0,1,0
INSTANTIATE::LAMP,472.696276176604,23.2830884354307,-197.502292364638,1,0,0,0,1,0
INSTANTIATE::LAMP,468.898455359159,21.1408720903129,-221.751703139152,1,0,0,0,1,0
INSTANTIATE::LAMP,465.100634541713,20.230379041945,-246.001113913666,1,0,0,0,1,0
INSTANTIATE::LAMP,461.302813724268,21.2770689948089,-270.25052468818,1,0,0,0,1,0
INSTANTIATE::LAMP,457.504992906823,24.6708808180387,-294.499935462694,1,0,0,0,1,0
INSTANTIATE::LAMP,453.707172089377,28.4677975677629,-318.749346237208,1,0,0,0,1,0
INSTANTIATE::LAMP,449.909351271932,30.9043979958637,-342.998757011722,1,0,0,0,1,0
INSTANTIATE::LAMP,441.021422561324,30.5398672110833,-362.120770885119,1,0,0,0,1,0
INSTANTIATE::LAMP,423.090398286629,27.2820047102928,-375.53384102658,1,0,0,0,1,0
INSTANTIATE::LAMP,409.867628675669,25.24646855377,-396.212712603339,1,0,0,0,1,0
INSTANTIATE::LAMP,401.421855590113,24.018122378383,-418.675736155776,1,0,0,0,1,0
INSTANTIATE::LAMP,397.851540647759,22.7214637971035,-442.959685939223,1,0,0,0,1,0
INSTANTIATE::LAMP,394.281225705406,21.5117349715172,-467.243635722669,1,0,0,0,1,0
INSTANTIATE::LAMP,390.710910763052,22.6232570737581,-491.527585506115,1,0,0,0,1,0
INSTANTIATE::LAMP,387.140595820698,26.2732088516457,-515.811535289562,1,0,0,0,1,0
INSTANTIATE::LAMP,383.570280878345,31.7627595598443,-540.095485073008,1,0,0,0,1,0
INSTANTIATE::LAMP,379.999965935991,38.5101751848475,-564.379434856454,1,0,0,0,1,0
INSTANTIATE::LAMP,154.920975385771,20,-129.098230231542,1,0,0,0,1,0
INSTANTIATE::LAMP,179.490503236097,20,-133.757485552257,1,0,0,0,1,0
INSTANTIATE::LAMP,204.060031086423,20,-138.416740872972,1,0,0,0,1,0
INSTANTIATE::LAMP,228.629558936748,20,-143.075996193687,1,0,0,0,1,0
INSTANTIATE::LAMP,253.199086787074,20.0075176598714,-147.735251514402,1,0,0,0,1,0
INSTANTIATE::LAMP,277.7686146374,20.1270380442809,-152.394506835117,1,0,0,0,1,0
INSTANTIATE::LAMP,302.338142487726,20.4538708937337,-157.053762155832,1,0,0,0,1,0
INSTANTIATE::LAMP,326.907670338052,20.5879508758391,-161.713017476547,1,0,0,0,1,0
INSTANTIATE::LAMP,351.477198188377,20.2905882542383,-166.372272797262,1,0,0,0,1,0
INSTANTIATE::LAMP,376.046726038703,20.0404560621193,-171.031528117977,1,0,0,0,1,0
INSTANTIATE::LAMP,400.616253889029,20.0000002330584,-175.690783438692,1,0,0,0,1,0
INSTANTIATE::LAMP,425.185781739355,20.2124419027146,-180.350038759407,1,0,0,0,1,0
INSTANTIATE::LAMP,449.755309589681,21.5988689487752,-185.009294080122,1,0,0,0,1,0
INSTANTIATE::LAMP,474.324837440006,24.2058336663969,-189.668549400837,1,0,0,0,1,0
INSTANTIATE::LAMP,498.894365290332,26.7479877790067,-194.327804721552,1,0,0,0,1,0
INSTANTIATE::LAMP,523.463893140658,28.7897452891188,-198.987060042268,1,0,0,0,1,0
INSTANTIATE::LAMP,548.033420990984,30.3484603443577,-203.646315362983,1,0,0,0,1,0
INSTANTIATE::LAMP,572.602948841309,31.1213358292525,-208.305570683698,1,0,0,0,1,0
INSTANTIATE::LAMP,597.172476691635,31.1713200325239,-212.964826004413,1,0,0,0,1,0
INSTANTIATE::LAMP,621.742004541961,31.375532636126,-217.624081325128,1,0,0,0,1,0
INSTANTIATE::LAMP,646.311532392287,33.9635606694437,-222.283336645843,1,0,0,0,1,0
INSTANTIATE::LAMP,90.2817364462267,59.8013213172456,-597.922325228758,1,0,0,0,1,0
INSTANTIATE::LAMP,115.121829307325,59.7561227457164,-601.008606337315,1,0,0,0,1,0
INSTANTIATE::LAMP,139.981405051735,59.6875622601372,-603.939001576114,1,0,0,0,1,0
INSTANTIATE::LAMP,164.47868714574,58.710286732449,-600.873594139188,1,0,0,0,1,0
INSTANTIATE::LAMP,185.272932760064,55.7911807306232,-587.170442850247,1,0,0,0,1,0
INSTANTIATE::LAMP,202.494981322268,51.1912802690353,-569.016274490641,1,0,0,0,1,0
INSTANTIATE::LAMP,222.717776847126,46.4702727321817,-554.758720854559,1,0,0,0,1,0
INSTANTIATE::LAMP,247.527045470166,44.791731622272,-552.62110011681,1,0,0,0,1,0
INSTANTIATE::LAMP,272.403931262176,44.5741687063256,-555.331631596644,1,0,0,0,1,0
INSTANTIATE::LAMP,297.140400122921,44.4775233651388,-559.16290948356,1,0,0,0,1,0
INSTANTIATE::LAMP,321.855148493176,43.6670419418028,-563.135615511385,1,0,0,0,1,0
INSTANTIATE::LAMP,346.56989686343,42.3644471289061,-567.10832153921,1,0,0,0,1,0
INSTANTIATE::LAMP,371.284645233684,41.190841799109,-571.081027567035,1,0,0,0,1,0
INSTANTIATE::LAMP,395.999393603938,39.9429984454932,-575.05373359486,1,0,0,0,1,0
INSTANTIATE::LAMP,420.714141974193,38.1221046828494,-579.026439622685,1,0,0,0,1,0
INSTANTIATE::LAMP,445.428890344447,35.2202271884806,-582.99914565051,1,0,0,0,1,0
INSTANTIATE::LAMP,470.143638714702,32.1053331918859,-586.971851678335,1,0,0,0,1,0
INSTANTIATE::LAMP,494.858387084956,30.0879178920999,-590.94455770616,1,0,0,0,1,0
INSTANTIATE::LAMP,519.57313545521,28.6614537920377,-594.917263733985,1,0,0,0,1,0
INSTANTIATE::LAMP,544.287883825465,27.4302543346768,-598.88996976181,1,0,0,0,1,0
INSTANTIATE::LAMP,569.002632195719,26.8402356952029,-602.862675789635,1,0,0,0,1,0
INSTANTIATE::LAMP,593.717380565973,26.7929688879419,-606.83538181746,1,0,0,0,1,0
INSTANTIATE::LAMP,107.972067056418,23.8279149619524,-468.580670313341,1,0,0,0,1,0
INSTANTIATE::LAMP,131.673555167862,23.8300907093404,-471.829667904957,1,0,0,0,1,0
INSTANTIATE::LAMP,155.375043279306,23.8336873681253,-475.078665496572,1,0,0,0,1,0
INSTANTIATE::LAMP,179.07653139075,23.9187792941944,-478.327663088187,1,0,0,0,1,0
INSTANTIATE::LAMP,202.778019502194,24.2975545585544,-481.576660679803,1,0,0,0,1,0
INSTANTIATE::LAMP,107.428827684806,24.971303354135,-472.543610003159,1,0,0,0,1,0
INSTANTIATE::LAMP,131.137368303963,24.973453485189,-475.793574351817,1,0,0,0,1,0
INSTANTIATE::LAMP,154.84590892312,24.976214000024,-479.043538700476,1,0,0,0,1,0
INSTANTIATE::LAMP,178.554449542277,25.0420474251545,-482.293503049135,1,0,0,0,1,0
INSTANTIATE::LAMP,202.262990161434,25.3371356624617,-485.543467397794,1,0,0,0,1,0
INSTANTIATE::LAMP,187.912366002337,52.6864194438507,-573.115922866469,1,0,0,0,1,0
INSTANTIATE::LAMP,196.265943252818,45.8925797847458,-549.21435600643,1,0,0,0,1,0
INSTANTIATE::LAMP,201.23557895307,37.6508283436528,-524.361800957403,1,0,0,0,1,0
INSTANTIATE::LAMP,204.520704004891,29.2274007358741,-499.221311310193,1,0,0,0,1,0
INSTANTIATE::LAMP,207.785198926289,22.5255114624619,-474.077849840678,1,0,0,0,1,0
INSTANTIATE::LAMP,211.049693847687,18.499781931022,-448.934388371163,1,0,0,0,1,0
INSTANTIATE::LAMP,214.314188769086,17.0551362630009,-423.790926901648,1,0,0,0,1,0
INSTANTIATE::LAMP,217.578683690484,16.8672751389602,-398.647465432132,1,0,0,0,1,0
INSTANTIATE::LAMP,220.843178611882,16.8470950891211,-373.504003962617,1,0,0,0,1,0
INSTANTIATE::LAMP,224.10767353328,16.9316197612109,-348.360542493102,1,0,0,0,1,0
INSTANTIATE::LAMP,227.372168454678,17.4847714109727,-323.217081023587,1,0,0,0,1,0
INSTANTIATE::LAMP,244.242355643755,18.8862317581378,-316.138297196745,1,0,0,0,1,0
INSTANTIATE::LAMP,263.888529671116,19.7755082014125,-312.613553005937,1,0,0,0,1,0
INSTANTIATE::LAMP,267.589626234386,20.3928933961449,-287.530641173572,1,0,0,0,1,0
INSTANTIATE::LAMP,271.290722797655,21.6655840986447,-262.447729341207,1,0,0,0,1,0
INSTANTIATE::LAMP,274.991819360925,22.7029733103073,-237.364817508842,1,0,0,0,1,0
INSTANTIATE::LAMP,278.692915924194,22.7204843845175,-212.281905676478,1,0,0,0,1,0
INSTANTIATE::LAMP,282.394012487464,21.6905902604748,-187.198993844113,1,0,0,0,1,0
INSTANTIATE::LAMP,286.095109050733,20.4645707679809,-162.116082011748,1,0,0,0,1,0
INSTANTIATE::LAMP,624.687379327717,20,-380.392403858216,1,0,0,0,1,0
INSTANTIATE::LAMP,600.556135352952,22.1232635468484,-377.092038341241,1,0,0,0,1,0
INSTANTIATE::LAMP,576.424891378187,26.7441202883482,-373.791672824266,1,0,0,0,1,0
INSTANTIATE::LAMP,552.293647403422,31.9589569977419,-370.491307307291,1,0,0,0,1,0
INSTANTIATE::LAMP,528.162403428657,36.9549791592065,-367.190941790316,1,0,0,0,1,0
INSTANTIATE::LAMP,504.031159453892,39.6335364923764,-363.890576273341,1,0,0,0,1,0
INSTANTIATE::LAMP,479.899915479127,37.9273835248515,-360.590210756366,1,0,0,0,1,0
INSTANTIATE::LAMP,455.768671504363,33.3150118920224,-357.289845239391,1,0,0,0,1,0
INSTANTIATE::LAMP,625.229402731287,20,-376.42929767367,1,0,0,0,1,0
INSTANTIATE::LAMP,601.109160020837,22.113670834373,-373.13043677011,1,0,0,0,1,0
INSTANTIATE::LAMP,576.988917310386,26.676919032316,-369.831575866549,1,0,0,0,1,0
INSTANTIATE::LAMP,552.868674599936,31.7540788622953,-366.532714962988,1,0,0,0,1,0
INSTANTIATE::LAMP,528.748431889486,36.5232915511662,-363.233854059428,1,0,0,0,1,0
INSTANTIATE::LAMP,504.628189179035,39.040921138037,-359.934993155867,1,0,0,0,1,0
INSTANTIATE::LAMP,480.507946468585,37.4596947570593,-356.636132252306,1,0,0,0,1,0
INSTANTIATE::LAMP,456.387703758134,33.0843015971251,-353.337271348746,1,0,0,0,1,0
INSTANTIATE::LAMP,153.205365998189,16.7788330492358,-298.274367272491,1,0,0,0,1,0
INSTANTIATE::LAMP,177.863379562481,16.7858760668713,-302.017101474213,1,0,0,0,1,0
INSTANTIATE::LAMP,202.521393126774,17.0360950781704,-305.759835675936,1,0,0,0,1,0
INSTANTIATE::LAMP,227.179406691066,18.0146317957272,-309.502569877658,1,0,0,0,1,0
INSTANTIATE::TARGETS::CORNERS,201.691248115696,24.0293212247967,-480.460304946289,1,0,0,0,1,0
INSTANTIATE::TARGETS::CORNERS,200.75616138877,25.6582447938823,-486.616292565217,1,0,0,0,1,0
INSTANTIATE::TARGETS::CORNERS,175.910660573339,55.2046750467532,-582.952744545911,1,0,0,0,1,0
INSTANTIATE::TARGETS::CORNERS,191.303034679113,51.2347649638801,-567.656572778298,1,0,0,0,1,0
INSTANTIATE::TARGETS::CORNERS,177.353695645755,57.4699375415638,-595.17044149237,1,0,0,0,1,0
INSTANTIATE::TARGETS::CORNERS,227.220263187311,18.0776128712808,-308.27205908214,1,0,0,0,1,0
INSTANTIATE::TARGETS::CORNERS,222.859584630793,17.4974138505402,-314.276378017653,1,0,0,0,1,0
INSTANTIATE::TARGETS::CORNERS,229.70250192015,17.921662100676,-315.5174942222,1,0,0,0,1,0
INSTANTIATE::TARGETS::CORNERS,641.504566478668,33.4578775418142,-220.191655286709,1,0,0,0,1,0
INSTANTIATE::TARGETS::CORNERS,640.253936082574,30.1524835804315,-230.292900793623,1,0,0,0,1,0
INSTANTIATE::TARGETS::CORNERS,620.442192426455,20.102755709606,-374.778001744083,1,0,0,0,1,0
INSTANTIATE::TARGETS::CORNERS,619.495417115442,20.1062574156286,-381.089837150832,1,0,0,0,1,0
INSTANTIATE::TARGETS::CORNERS,589.799854682306,26.1636620215956,-597.320242730704,1,0,0,0,1,0
INSTANTIATE::TARGETS::CORNERS,588.612171495132,26.8972319949856,-607.415549821683,1,0,0,0,1,0
INSTANTIATE::TARGETS::CORNERS,388.001131076927,40.7867980869203,-575.233680765144,1,0,0,0,1,0
INSTANTIATE::TARGETS::CORNERS,389.586032947561,37.6930586091513,-564.599500471852,1,0,0,0,1,0
INSTANTIATE::TARGETS::CORNERS,379.616488922601,38.2914434057607,-563.474731402369,1,0,0,0,1,0
INSTANTIATE::TARGETS::CORNERS,378.031587051966,41.1758472033283,-573.239771960151,1,0,0,0,1,0
INSTANTIATE::TARGETS::CORNERS,282.208385109276,20.1550819306035,-152.036357119528,1,0,0,0,1,0
INSTANTIATE::TARGETS::CORNERS,289.082769158487,20.2347561459113,-153.320127634742,1,0,0,0,1,0
INSTANTIATE::TARGETS::CORNERS,287.509114978547,20.5203124094262,-162.844876618589,1,0,0,0,1,0
INSTANTIATE::TARGETS::CORNERS,281.374010963186,20.3661196245955,-161.822359282695,1,0,0,0,1,0
INSTANTIATE::TARGETS::CORNERS,483.4377456405,25.3907739800053,-189.898102903901,1,0,0,0,1,0
INSTANTIATE::TARGETS::CORNERS,472.445684279646,24.1398269501937,-187.69969063173,1,0,0,0,1,0
INSTANTIATE::TARGETS::CORNERS,470.911908275806,22.9883458538964,-198.742877859379,1,0,0,0,1,0
INSTANTIATE::TARGETS::CORNERS,482.00622137025,23.936328911117,-200.787912531165,1,0,0,0,1,0
INSTANTIATE::TARGETS::CORNERS,458.062853639283,33.2651427161464,-351.952166792907,1,0,0,0,1,0
INSTANTIATE::TARGETS::CORNERS,447.326421612403,31.0974369840791,-350.622894256246,1,0,0,0,1,0
INSTANTIATE::TARGETS::CORNERS,446.048274942536,31.3383997415846,-357.576012140321,1,0,0,0,1,0
INSTANTIATE::TARGETS::CORNERS,456.886958703006,33.6764273856575,-358.905284676982,1,0,0,0,1,0
INSTANTIATE::AGENTS::AGENT,229.531387688849,17.9780269752634,-314.922505474418,1,0,0,0,1,0
INSTANTIATE::AGENTS::AGENT,223.096364720544,17.4528967800574,-316.940718328673,1,0,0,0,1,0
INSTANTIATE::AGENTS::AGENT,223.513432240602,17.5224202344097,-314.099445848282,1,0,0,0,1,0
INSTANTIATE::AGENTS::AGENT,219.90089334172,17.4861971641402,-313.600540983173,1,0,0,0,1,0
INSTANTIATE::AGENTS::AGENT,220.639884853822,18.154351896424,-307.561924627141,1,0,0,0,1,0
INSTANTIATE::AGENTS::AGENT,224.252423752704,18.3029619889684,-307.807460973815,1,0,0,0,1,0
INSTANTIATE::AGENTS::AGENT,230.270379200951,18.4030452427427,-308.630520599951,1,0,0,0,1,0
INSTANTIATE::AGENTS::AGENT,374.009277386804,41.4613784199414,-572.360266675728,1,0,0,0,1,0
INSTANTIATE::AGENTS::AGENT,377.372463658269,41.2615253989374,-572.88286149731,1,0,0,0,1,0
INSTANTIATE::AGENTS::AGENT,387.305357118823,40.855966709274,-574.664386994561,1,0,0,0,1,0
INSTANTIATE::AGENTS::AGENT,390.785380511063,40.6912091777517,-575.225562563137,1,0,0,0,1,0
INSTANTIATE::AGENTS::AGENT,375.704802953317,38.4160373780968,-562.550440183759,1,0,0,0,1,0
INSTANTIATE::AGENTS::AGENT,379.067989224782,38.2161843570928,-563.073035005341,1,0,0,0,1,0
INSTANTIATE::AGENTS::AGENT,389.000882685336,37.8106256674294,-564.854560502592,1,0,0,0,1,0
INSTANTIATE::AGENTS::AGENT,389.657686952934,36.9309074470358,-561.844429869859,1,0,0,0,1,0
INSTANTIATE::AGENTS::AGENT,379.527820332825,37.3542546464064,-560.03596488187,1,0,0,0,1,0
INSTANTIATE::AGENTS::AGENT,392.480906077576,37.6458681359072,-565.415736071168,1,0,0,0,1,0
INSTANTIATE::AGENTS::AGENT,482.956012222274,25.2891581098691,-190.162597104779,1,0,0,0,1,0
INSTANTIATE::AGENTS::AGENT,472.863598135886,24.2717248782292,-188.144114287502,1,0,0,0,1,0
INSTANTIATE::AGENTS::AGENT,446.086835187362,31.6387866800719,-360.657109138894,1,0,0,0,1,0
INSTANTIATE::AGENTS::AGENT,443.514742996172,30.7613309126038,-356.510378855165,1,0,0,0,1,0
INSTANTIATE::AGENTS::AGENT,446.645719166036,31.4849848375181,-357.041331176084,1,0,0,0,1,0
INSTANTIATE::AGENTS::AGENT,444.513588453756,30.5688657709131,-350.701985694365,1,0,0,0,1,0
INSTANTIATE::AGENTS::AGENT,447.618460287023,31.270083319641,-351.111308326355,1,0,0,0,1,0
INSTANTIATE::AGENTS::AGENT,448.16816838204,31.0219604781668,-347.411560176947,1,0,0,0,1,0
INSTANTIATE::AGENTS::AGENT,458.007731813339,32.9596158013906,-349.046755645798,1,0,0,0,1,0
INSTANTIATE::AGENTS::AGENT,457.673953948128,33.319902888545,-352.29503197243,1,0,0,0,1,0
INSTANTIATE::AGENTS::AGENT,461.475172993147,34.183837535305,-352.986039506663,1,0,0,0,1,0
INSTANTIATE::AGENTS::AGENT,460.433756726739,34.6032377072239,-358.771326385131,1,0,0,0,1,0
INSTANTIATE::AGENTS::AGENT,455.872115548441,33.7731207770989,-361.381285172232,1,0,0,0,1,0
INSTANTIATE::AGENTS::AGENT,456.528919816039,33.7805585900894,-358.371154539499,1,0,0,0,1,0
INSTANTIATE::AGENTS::BIGAGENT,375.839070220765,40.0497578140429,-567.757227834128,1,0,0,0,1,0
INSTANTIATE::AGENTS::BIGAGENT,390.8235944293,39.3531740709388,-570.018671043021,1,0,0,0,1,0
INSTANTIATE::AGENTS::BIGAGENT,384.394426577826,37.1544080272287,-560.342008614889,1,0,0,0,1,0
INSTANTIATE::AGENTS::BIGAGENT,461.932367899441,34.5668207424067,-356.019891408289,1,0,0,0,1,0
INSTANTIATE::AGENTS::BIGAGENT,450.583960056858,32.8019866362496,-363.474629944976,1,0,0,0,1,0
INSTANTIATE::AGENTS::BIGAGENT,453.292538599548,31.9633240734006,-347.465979708838,1,0,0,0,1,0
INSTANTIATE::AGENTS::BIGAGENT,623.675242636857,20.0945142809897,-372.805639919222,1,0,0,0,1,0
INSTANTIATE::AGENTS::BIGAGENT,617.12811658904,20.2273841612059,-377.323981451438,1,0,0,0,1,0
INSTANTIATE::AGENTS::BIGAGENT,622.360805376438,20.1113329757752,-382.823033588325,1,0,0,0,1,0
INSTANTIATE::AGENTS::BIGAGENT,585.793473454526,26.4716734123218,-601.23701215097,1,0,0,0,1,0
INSTANTIATE::AGENTS::BIGAGENT,591.331498078202,27.1327874397945,-609.553903811696,1,0,0,0,1,0
INSTANTIATE::AGENTS::BIGAGENT,593.561621512849,25.9577578018233,-593.458466024622,1,0,0,0,1,0
INSTANTIATE::AGENTS::BIGAGENT,641.848272791891,29.4344379545969,-233.758085877933,1,0,0,0,1,0
INSTANTIATE::AGENTS::BIGAGENT,635.872798252253,31.5907957462277,-223.156917495976,1,0,0,0,1,0
INSTANTIATE::AGENTS::BIGAGENT,644.768321042678,35.1480944920722,-216.903496767359,1,0,0,0,1,0
INSTANTIATE::AGENTS::AGENT,280.536987472937,20.4489519539034,-165.162830374222,1,0,0,0,1,0
INSTANTIATE::AGENTS::AGENT,278.079121555257,20.297010447066,-161.628233605211,1,0,0,0,1,0
INSTANTIATE::AGENTS::AGENT,280.848787477135,20.3902769324103,-162.276009903609,1,0,0,0,1,0
INSTANTIATE::AGENTS::AGENT,286.434516598501,20.7047017486661,-166.358162151969,1,0,0,0,1,0
INSTANTIATE::AGENTS::AGENT,289.636847045344,20.6019465787036,-163.679869731845,1,0,0,0,1,0
INSTANTIATE::AGENTS::AGENT,286.96527198394,20.5315963457278,-163.285384022803,1,0,0,0,1,0
INSTANTIATE::AGENTS::BIGAGENT,279.073420049078,20.3726013930627,-156.48630125483,1,0,0,0,1,0
INSTANTIATE::AGENTS::BIGAGENT,283.6270681174,20.6234180746465,-165.256263581687,1,0,0,0,1,0
INSTANTIATE::AGENTS::BIGAGENT,289.873082873287,20.3979092387113,-158.534170573496,1,0,0,0,1,0
INSTANTIATE::AGENTS::BIGAGENT,475.785879301022,23.0815609185405,-203.709940805844,1,0,0,0,1,0
INSTANTIATE::AGENTS::BIGAGENT,468.635582219283,23.2505140178438,-192.99859687537,1,0,0,0,1,0
INSTANTIATE::AGENTS::BIGAGENT,487.134287143606,25.1500421016141,-196.255202269157,1,0,0,0,1,0
INSTANTIATE::AGENTS::AGENT,468.938161443057,22.9311738101453,-197.648520827,1,0,0,0,1,0
INSTANTIATE::AGENTS::AGENT,471.368425678644,23.0972758793464,-198.161769751027,1,0,0,0,1,0
INSTANTIATE::AGENTS::AGENT,470.9085945706,22.829640104213,-201.198839874498,1,0,0,0,1,0
INSTANTIATE::AGENTS::AGENT,485.593155598279,24.3453414288089,-200.87714362152,1,0,0,0,1,0
INSTANTIATE::AGENTS::AGENT,481.688318687579,23.9429286239709,-200.476971775887,1,0,0,0,1,0
INSTANTIATE::AGENTS::AGENT,481.031514419981,23.7202807095313,-203.48710240862,1,0,0,0,1,0
INSTANTIATE::TARGETS::PARK,325.719882042661,20,-363.740482054711,1,0,0,0,1,0
INSTANTIATE::TARGETS::PARK,643.808170166714,32.269235683228,-225.900989059857,1,0,0,0,1,0
INSTANTIATE::TARGETS::PARK,623.117370828766,20.0150072425335,-378.024535889903,1,0,0,0,1,0
INSTANTIATE::TARGETS::PARK,593.220271414392,26.4810107312711,-602.615651680581,1,0,0,0,1,0
INSTANTIATE::TARGETS::PARK,452.406088674551,32.4326626250367,-354.796201262414,1,0,0,0,1,0
INSTANTIATE::TARGETS::PARK,477.216988028904,24.1213084266769,-194.15614103593,1,0,0,0,1,0
INSTANTIATE::TARGETS::PARK,372.304730894602,20.0804459120892,-174.740560981855,1,0,0,0,1,0
INSTANTIATE::TARGETS::PARK,284.764308545526,20.3114477752136,-158.049974619579,1,0,0,0,1,0
INSTANTIATE::TARGETS::PARK,266.370601125876,20.4777256601133,-283.740308653856,1,0,0,0,1,0
INSTANTIATE::TARGETS::PARK,261.453963132603,19.6847667020136,-315.474972064979,1,0,0,0,1,0
INSTANTIATE::TARGETS::PARK,227.013526070933,17.8982693625763,-311.723080876696,1,0,0,0,1,0
INSTANTIATE::TARGETS::PARK,204.356803518789,24.8547733302106,-483.843704766307,1,0,0,0,1,0
INSTANTIATE::TARGETS::PARK,181.769498699659,55.5112035901913,-585.275182353712,1,0,0,0,1,0
INSTANTIATE::TARGETS::PARK,383.419031892861,39.5633566107118,-569.265844414386,1,0,0,0,1,0
INSTANTIATE::TARGETS::PARK,442.531195635513,44.3446268406898,-621.309051884407,1,0,0,0,1,0
INSTANTIATE::TARGETS::PARK,480.897740627403,25.2322757495911,-542.221163283263,1,0,0,0,1,0
INSTANTIATE::TARGETS::PARK,503.185497674533,34.2133802144465,-430.361854329741,1,0,0,0,1,0
INSTANTIATE::TARGETS::PARK,557.012533561943,21.8163795789524,-498.066172906872,1,0,0,0,1,0
INSTANTIATE::TARGETS::PARK,295.446781046565,24.2765431772208,-489.655698549464,1,0,0,0,1,0
INSTANTIATE::TARGETS::PARK,151.207145817024,24.4244575998866,-476.619463295482,1,0,0,0,1,0
INSTANTIATE::TARGETS::PARK,345.581839091266,20.0271566659548,-366.912770488028,1,0,0,0,1,0
INSTANTIATE::TARGETS::PARK,386.967680785479,21.7643169122705,-362.498280707312,1,0,0,0,1,0
INSTANTIATE::TARGETS::PARK,329.855219247465,20.0000010596287,-337.114964468194,1,0,0,0,1,0
INSTANTIATE::TARGETS::PARK,304.747808619642,21.2109621966053,-290.762821770675,1,0,0,0,1,0
INSTANTIATE::TARGETS::PARK,359.377119656004,20.7050524397342,-240.823906126324,1,0,0,0,1,0
INSTANTIATE::TARGETS::PARK,162.812322473249,15.0421194661029,-434.129592351127,1,0,0,0,1,0
INSTANTIATE::TARGETS::PARK,237.05677551335,55.2240105304687,-591.410604712394,1,0,0,0,1,0
INSTANTIATE::TARGETS::PARK,499.843063247393,26.9439660280835,-458.552109798528,1,0,0,0,1,0
INSTANTIATE::TARGETS::MIDALLEY,325.719882042661,20,-363.740482054711,1,0,0,0,1,0
INSTANTIATE::TARGETS::MIDALLEY,643.808170166714,32.269235683228,-225.900989059857,1,0,0,0,1,0
INSTANTIATE::TARGETS::MIDALLEY,623.117370828766,20.0150072425335,-378.024535889903,1,0,0,0,1,0
INSTANTIATE::TARGETS::MIDALLEY,593.220271414392,26.4810107312711,-602.615651680581,1,0,0,0,1,0
INSTANTIATE::TARGETS::MIDALLEY,452.406088674551,32.4326626250367,-354.796201262414,1,0,0,0,1,0
INSTANTIATE::TARGETS::MIDALLEY,477.216988028904,24.1213084266769,-194.15614103593,1,0,0,0,1,0
INSTANTIATE::TARGETS::MIDALLEY,372.304730894602,20.0804459120892,-174.740560981855,1,0,0,0,1,0
INSTANTIATE::TARGETS::MIDALLEY,284.764308545526,20.3114477752136,-158.049974619579,1,0,0,0,1,0
INSTANTIATE::TARGETS::MIDALLEY,266.370601125876,20.4777256601133,-283.740308653856,1,0,0,0,1,0
INSTANTIATE::TARGETS::MIDALLEY,261.453963132603,19.6847667020136,-315.474972064979,1,0,0,0,1,0
INSTANTIATE::TARGETS::MIDALLEY,227.013526070933,17.8982693625763,-311.723080876696,1,0,0,0,1,0
INSTANTIATE::TARGETS::MIDALLEY,204.356803518789,24.8547733302106,-483.843704766307,1,0,0,0,1,0
INSTANTIATE::TARGETS::MIDALLEY,181.769498699659,55.5112035901913,-585.275182353712,1,0,0,0,1,0
INSTANTIATE::TARGETS::MIDALLEY,383.419031892861,39.5633566107118,-569.265844414386,1,0,0,0,1,0
INSTANTIATE::TARGETS::MIDALLEY,442.531195635513,44.3446268406898,-621.309051884407,1,0,0,0,1,0
INSTANTIATE::TARGETS::MIDALLEY,480.897740627403,25.2322757495911,-542.221163283263,1,0,0,0,1,0
INSTANTIATE::TARGETS::MIDALLEY,503.185497674533,34.2133802144465,-430.361854329741,1,0,0,0,1,0
INSTANTIATE::TARGETS::MIDALLEY,557.012533561943,21.8163795789524,-498.066172906872,1,0,0,0,1,0
INSTANTIATE::TARGETS::MIDALLEY,295.446781046565,24.2765431772208,-489.655698549464,1,0,0,0,1,0
INSTANTIATE::TARGETS::MIDALLEY,151.207145817024,24.4244575998866,-476.619463295482,1,0,0,0,1,0
INSTANTIATE::TARGETS::MIDALLEY,345.581839091266,20.0271566659548,-366.912770488028,1,0,0,0,1,0
INSTANTIATE::TARGETS::MIDALLEY,386.967680785479,21.7643169122705,-362.498280707312,1,0,0,0,1,0
INSTANTIATE::TARGETS::MIDALLEY,329.855219247465,20.0000010596287,-337.114964468194,1,0,0,0,1,0
INSTANTIATE::TARGETS::MIDALLEY,304.747808619642,21.2109621966053,-290.762821770675,1,0,0,0,1,0
INSTANTIATE::TARGETS::MIDALLEY,359.377119656004,20.7050524397342,-240.823906126324,1,0,0,0,1,0
INSTANTIATE::TARGETS::INTERSECTIONS,325.719882042661,20,-363.740482054711,1,0,0,0,1,0
INSTANTIATE::TARGETS::INTERSECTIONS,643.808170166714,32.269235683228,-225.900989059857,1,0,0,0,1,0
INSTANTIATE::TARGETS::INTERSECTIONS,623.117370828766,20.0150072425335,-378.024535889903,1,0,0,0,1,0
INSTANTIATE::TARGETS::INTERSECTIONS,593.220271414392,26.4810107312711,-602.615651680581,1,0,0,0,1,0
INSTANTIATE::TARGETS::INTERSECTIONS,452.406088674551,32.4326626250367,-354.796201262414,1,0,0,0,1,0
INSTANTIATE::TARGETS::INTERSECTIONS,477.216988028904,24.1213084266769,-194.15614103593,1,0,0,0,1,0
INSTANTIATE::TARGETS::INTERSECTIONS,372.304730894602,20.0804459120892,-174.740560981855,1,0,0,0,1,0
INSTANTIATE::TARGETS::INTERSECTIONS,284.764308545526,20.3114477752136,-158.049974619579,1,0,0,0,1,0
INSTANTIATE::TARGETS::INTERSECTIONS,266.370601125876,20.4777256601133,-283.740308653856,1,0,0,0,1,0
INSTANTIATE::TARGETS::INTERSECTIONS,261.453963132603,19.6847667020136,-315.474972064979,1,0,0,0,1,0
INSTANTIATE::TARGETS::INTERSECTIONS,227.013526070933,17.8982693625763,-311.723080876696,1,0,0,0,1,0
INSTANTIATE::TARGETS::INTERSECTIONS,204.356803518789,24.8547733302106,-483.843704766307,1,0,0,0,1,0
INSTANTIATE::TARGETS::INTERSECTIONS,181.769498699659,55.5112035901913,-585.275182353712,1,0,0,0,1,0
INSTANTIATE::TARGETS::INTERSECTIONS,383.419031892861,39.5633566107118,-569.265844414386,1,0,0,0,1,0
INSTANTIATE::LAMP,404.549312917088,23.5338606394896,-348.03677124779,1,0,0,0,1,0
INSTANTIATE::LAMP,388.444305894602,21.8583929186166,-358.968108516656,1,0,0,0,1,0
INSTANTIATE::LAMP,372.339298872116,20.7497497692355,-369.899445785523,1,0,0,0,1,0
INSTANTIATE::LAMP,406.238847735444,23.8176168631321,-350.515784084495,1,0,0,0,1,0
INSTANTIATE::LAMP,390.149242377169,22.0611912684826,-361.43666741281,1,0,0,0,1,0
INSTANTIATE::LAMP,374.059637018893,20.8695517210851,-372.357550741125,1,0,0,0,1,0
INSTANTIATE::LAMP,374.059637018893,20.8695517210851,-372.357550741125,1,0,0,0,1,0
INSTANTIATE::LAMP,369.495654748969,20.8153218684684,-399.826752440485,1,0,0,0,1,0
INSTANTIATE::LAMP,370.959725997454,20.6959650149083,-372.711357410646,1,0,0,0,1,0
INSTANTIATE::LAMP,366.536224953447,20.6509848537464,-399.335045937191,1,0,0,0,1,0
INSTANTIATE::LAMP,323.980968411063,20,-364.905880606696,1,0,0,0,1,0
INSTANTIATE::LAMP,347.470347204258,20.0423769387129,-368.808619008671,1,0,0,0,1,0
INSTANTIATE::LAMP,370.959725997454,20.6959650149083,-372.711357410646,1,0,0,0,1,0
INSTANTIATE::LAMP,327.385153930439,20,-362.430356486207,1,0,0,0,1,0
INSTANTIATE::LAMP,349.862226401277,20.0611959056849,-366.164901135865,1,0,0,0,1,0
INSTANTIATE::LAMP,372.339298872116,20.7497497692355,-369.899445785523,1,0,0,0,1,0
INSTANTIATE::LAMP,336.923889550807,20.3220884400041,-298.736218634074,1,0,0,0,1,0
INSTANTIATE::LAMP,333.744311010684,20.0313176192889,-319.967597918118,1,0,0,0,1,0
INSTANTIATE::LAMP,330.564732470562,20,-341.198977202163,1,0,0,0,1,0
INSTANTIATE::LAMP,327.385153930439,20,-362.430356486207,1,0,0,0,1,0
INSTANTIATE::LAMP,333.974204349865,20.3894211935431,-298.17685353147,1,0,0,0,1,0
INSTANTIATE::LAMP,330.643125703598,20.0322530221584,-320.419862556546,1,0,0,0,1,0
INSTANTIATE::LAMP,327.312047057331,20,-342.662871581621,1,0,0,0,1,0
INSTANTIATE::LAMP,323.980968411063,20,-364.905880606697,1,0,0,0,1,0
INSTANTIATE::LAMP,370.820274613593,20.0917754029577,-174.111695273677,1,0,0,0,1,0
INSTANTIATE::LAMP,366.13416271439,20.3758525532195,-198.822845209017,1,0,0,0,1,0
INSTANTIATE::LAMP,361.448050815186,20.6898454263301,-223.533995144358,1,0,0,0,1,0
INSTANTIATE::LAMP,356.761938915983,20.7854384673786,-248.245145079698,1,0,0,0,1,0
INSTANTIATE::LAMP,352.07582701678,20.5608629149137,-272.956295015039,1,0,0,0,1,0
INSTANTIATE::LAMP,347.389715117576,20.1848603761344,-297.667444950379,1,0,0,0,1,0
INSTANTIATE::LAMP,336.923889550807,20.3220884400041,-298.736218634074,1,0,0,0,1,0
INSTANTIATE::LAMP,349.778240236648,20.1194391541405,-301.173860179007,1,0,0,0,1,0
INSTANTIATE::LAMP,373.767744787444,20.0672997697433,-174.670640328455,1,0,0,0,1,0
INSTANTIATE::LAMP,368.969843877285,20.2839848720634,-199.971284298565,1,0,0,0,1,0
INSTANTIATE::LAMP,364.171942967126,20.5228671825902,-225.271928268676,1,0,0,0,1,0
INSTANTIATE::LAMP,359.374042056967,20.5894261393943,-250.572572238787,1,0,0,0,1,0
INSTANTIATE::LAMP,354.576141146808,20.4028449070569,-275.873216208898,1,0,0,0,1,0
INSTANTIATE::LAMP,349.778240236649,20.1194391541405,-301.173860179009,1,0,0,0,1,0
INSTANTIATE::LAMP,267.868472206603,20.4703284278035,-285.640858289943,1,0,0,0,1,0
INSTANTIATE::LAMP,289.903716254357,21.0396562789862,-289.819523370452,1,0,0,0,1,0
INSTANTIATE::LAMP,311.938960302111,20.9401350079577,-293.998188450961,1,0,0,0,1,0
INSTANTIATE::LAMP,333.974204349865,20.3894211935431,-298.17685353147,1,0,0,0,1,0
INSTANTIATE::LAMP,268.306760856466,20.6017154451293,-282.670507375364,1,0,0,0,1,0
INSTANTIATE::LAMP,290.854789459801,21.2875047063559,-286.946414624445,1,0,0,0,1,0
INSTANTIATE::LAMP,313.402818063136,21.1353688702863,-291.222321873527,1,0,0,0,1,0
INSTANTIATE::LAMP,335.950846666471,20.4393628042993,-295.498229122609,1,0,0,0,1,0
INSTANTIATE::LAMP,480.560237036671,23.9844274022129,-198.993578713415,1,0,0,0,1,0
INSTANTIATE::LAMP,476.753769039209,21.3801806627132,-223.298202471992,1,0,0,0,1,0
INSTANTIATE::LAMP,472.947301041747,20.2706805865354,-247.602826230568,1,0,0,0,1,0
INSTANTIATE::LAMP,469.140833044285,21.4291889342415,-271.907449989145,1,0,0,0,1,0
INSTANTIATE::LAMP,465.334365046823,25.1570921943824,-296.212073747721,1,0,0,0,1,0
INSTANTIATE::LAMP,461.527897049361,29.4402847406458,-320.516697506298,1,0,0,0,1,0
INSTANTIATE::LAMP,457.721429051899,32.4281378884149,-344.821321264874,1,0,0,0,1,0
INSTANTIATE::LAMP,453.188875194257,33.5223481087079,-368.394540018375,1,0,0,0,1,0
INSTANTIATE::LAMP,431.863790340078,29.1004416140467,-376.663423438151,1,0,0,0,1,0
INSTANTIATE::LAMP,418.610914077267,26.7436578909091,-397.389378311795,1,0,0,0,1,0
INSTANTIATE::LAMP,409.369949146937,25.069757761899,-419.613734846824,1,0,0,0,1,0
INSTANTIATE::LAMP,405.79150502801,23.383512355137,-443.952976255491,1,0,0,0,1,0
INSTANTIATE::LAMP,402.213060909082,21.7405254423207,-468.292217664158,1,0,0,0,1,0
INSTANTIATE::LAMP,398.634616790154,22.6426832407755,-492.631459072825,1,0,0,0,1,0
INSTANTIATE::LAMP,395.056172671226,26.1983776714039,-516.970700481492,1,0,0,0,1,0
INSTANTIATE::LAMP,391.477728552298,31.5174026530922,-541.309941890159,1,0,0,0,1,0
INSTANTIATE::LAMP,387.89928443337,38.1396128496883,-565.649183298826,1,0,0,0,1,0
INSTANTIATE::LAMP,91.3658170145508,58.5703473183423,-589.995866008415,1,0,0,0,1,0
INSTANTIATE::LAMP,116.206145032957,58.5200997334836,-593.080200395827,1,0,0,0,1,0
INSTANTIATE::LAMP,141.065524861758,58.4446155037848,-596.012238361533,1,0,0,0,1,0
INSTANTIATE::LAMP,165.250591312163,57.1498793181067,-591.699257427935,1,0,0,0,1,0
INSTANTIATE::LAMP,184.875688599272,53.5282450381373,-576.351668930904,1,0,0,0,1,0
INSTANTIATE::LAMP,202.074485010164,48.2848089529993,-558.174484641648,1,0,0,0,1,0
INSTANTIATE::LAMP,223.715002215162,43.801729054963,-546.189661335374,1,0,0,0,1,0
INSTANTIATE::LAMP,248.613179636978,42.2317424888143,-544.669263176675,1,0,0,0,1,0
INSTANTIATE::LAMP,273.487966020967,42.0133052415335,-547.405209023923,1,0,0,0,1,0
INSTANTIATE::LAMP,298.224702727732,41.9345267391863,-551.234754955572,1,0,0,0,1,0
INSTANTIATE::LAMP,322.939454558399,41.1818187788639,-555.207441669114,1,0,0,0,1,0
INSTANTIATE::LAMP,347.654206389065,39.9567562984247,-559.180128382657,1,0,0,0,1,0
INSTANTIATE::LAMP,372.368958219731,38.8487868230523,-563.1528150962,1,0,0,0,1,0
INSTANTIATE::LAMP,397.083710050397,37.6647207722028,-567.125501809742,1,0,0,0,1,0
INSTANTIATE::LAMP,421.798461881064,35.9267004158592,-571.098188523285,1,0,0,0,1,0
INSTANTIATE::LAMP,446.51321371173,33.1506353971031,-575.070875236828,1,0,0,0,1,0
INSTANTIATE::LAMP,471.227965542396,30.2471392171298,-579.043561950371,1,0,0,0,1,0
INSTANTIATE::LAMP,495.942717373063,28.568661567222,-583.016248663913,1,0,0,0,1,0
INSTANTIATE::LAMP,520.657469203729,27.5481147750562,-586.988935377456,1,0,0,0,1,0
INSTANTIATE::LAMP,545.372221034395,26.6725993079472,-590.961622090999,1,0,0,0,1,0
INSTANTIATE::LAMP,570.086972865061,26.2503788221835,-594.934308804541,1,0,0,0,1,0
INSTANTIATE::LAMP,594.801724695728,26.2189490276825,-598.906995518084,1,0,0,0,1,0
INSTANTIATE::LAMP,176.642250891551,55.4149163689611,-584.092878255854,1,0,0,0,1,0
INSTANTIATE::LAMP,188.071177451729,49.9383220193532,-562.250863887876,1,0,0,0,1,0
INSTANTIATE::LAMP,194.655834877206,42.5933330923515,-538.413429922604,1,0,0,0,1,0
INSTANTIATE::LAMP,198.570769265907,34.2681372574811,-513.981316455278,1,0,0,0,1,0
INSTANTIATE::LAMP,201.757636458012,26.4181757832352,-489.435751403874,1,0,0,0,1,0
INSTANTIATE::LAMP,204.944503650116,20.6350350159227,-464.890186352474,1,0,0,0,1,0
INSTANTIATE::LAMP,208.131370842222,17.4579726674434,-440.344621301067,1,0,0,0,1,0
INSTANTIATE::LAMP,211.318238034327,16.524274838545,-415.799056249663,1,0,0,0,1,0
INSTANTIATE::LAMP,214.505105226431,16.4063812388017,-391.253491198266,1,0,0,0,1,0
INSTANTIATE::LAMP,217.691972418536,16.4148540340095,-366.707926146862,1,0,0,0,1,0
INSTANTIATE::LAMP,220.878839610642,16.6072220317031,-342.162361095456,1,0,0,0,1,0
INSTANTIATE::LAMP,224.065706802747,17.4281732725326,-317.616796044052,1,0,0,0,1,0
INSTANTIATE::LAMP,241.234914156528,18.8059662501595,-311.635995117951,1,0,0,0,1,0
INSTANTIATE::LAMP,260.48333718281,19.7292960386359,-308.288929265429,1,0,0,0,1,0
INSTANTIATE::LAMP,264.096423891869,20.3827442789884,-283.802474017157,1,0,0,0,1,0
INSTANTIATE::LAMP,267.709510600929,21.4320290141885,-259.316018768886,1,0,0,0,1,0
INSTANTIATE::LAMP,271.322597309988,22.1859718456168,-234.829563520615,1,0,0,0,1,0
INSTANTIATE::LAMP,274.935684019048,22.1465756980876,-210.343108272344,1,0,0,0,1,0
INSTANTIATE::LAMP,278.548770728107,21.3181210137893,-185.856653024072,1,0,0,0,1,0
INSTANTIATE::LAMP,282.161857437167,20.3669166056214,-161.370197775801,1,0,0,0,1,0
INSTANTIATE::LAMP,153.430455239697,20,-136.958150695144,1,0,0,0,1,0
INSTANTIATE::LAMP,178.020234837133,20,-141.621246466561,1,0,0,0,1,0
INSTANTIATE::LAMP,202.610014434569,20,-146.284342237978,1,0,0,0,1,0
INSTANTIATE::LAMP,227.199794032005,20,-150.947438009395,1,0,0,0,1,0
INSTANTIATE::LAMP,251.789573629441,20.0142493641961,-155.610533780812,1,0,0,0,1,0
INSTANTIATE::LAMP,276.379353226877,20.2434812475555,-160.273629552229,1,0,0,0,1,0
INSTANTIATE::LAMP,300.969132824313,20.8625785814557,-164.936725323645,1,0,0,0,1,0
INSTANTIATE::LAMP,325.55891242175,21.104916348256,-169.599821095062,1,0,0,0,1,0
INSTANTIATE::LAMP,350.148692019186,20.5402723084818,-174.262916866479,1,0,0,0,1,0
INSTANTIATE::LAMP,374.738471616622,20.0747543905705,-178.926012637896,1,0,0,0,1,0
INSTANTIATE::LAMP,399.328251214058,20.0000000014904,-183.589108409313,1,0,0,0,1,0
INSTANTIATE::LAMP,423.918030811494,20.1651835368265,-188.25220418073,1,0,0,0,1,0
INSTANTIATE::LAMP,448.50781040893,21.2525540493551,-192.915299952147,1,0,0,0,1,0
INSTANTIATE::LAMP,473.097590006366,23.3192603394847,-197.578395723564,1,0,0,0,1,0
INSTANTIATE::LAMP,497.687369603802,25.3944441158886,-202.24149149498,1,0,0,0,1,0
INSTANTIATE::LAMP,522.277149201238,27.1401238580295,-206.904587266397,1,0,0,0,1,0
INSTANTIATE::LAMP,546.866928798674,28.5288233084495,-211.567683037814,1,0,0,0,1,0
INSTANTIATE::LAMP,571.45670839611,29.1944645452256,-216.230778809231,1,0,0,0,1,0
INSTANTIATE::LAMP,596.046487993546,29.1318010173032,-220.893874580648,1,0,0,0,1,0
INSTANTIATE::LAMP,620.636267590982,29.0994045290863,-225.556970352065,1,0,0,0,1,0
INSTANTIATE::LAMP,645.226047188418,31.2122960746676,-230.220066123482,1,0,0,0,1,0
INSTANTIATE::LAMP,152.121287552875,16.3257622205928,-302.15563507581,1,0,0,0,1,0
INSTANTIATE::LAMP,176.295490151649,16.3517177964999,-305.824933684552,1,0,0,0,1,0
INSTANTIATE::LAMP,200.469692750422,16.6390663391109,-309.494232293293,1,0,0,0,1,0
INSTANTIATE::LAMP,224.643895349196,17.6726141312838,-313.163530902035,1,0,0,0,1,0
INSTANTIATE::LAMP,472.696276176604,23.2830884354307,-197.502292364638,1,0,0,0,1,0
INSTANTIATE::LAMP,468.898455359159,21.1408720903129,-221.751703139152,1,0,0,0,1,0
INSTANTIATE::LAMP,465.100634541713,20.230379041945,-246.001113913666,1,0,0,0,1,0
INSTANTIATE::LAMP,461.302813724268,21.2770689948089,-270.25052468818,1,0,0,0,1,0
INSTANTIATE::LAMP,457.504992906823,24.6708808180387,-294.499935462694,1,0,0,0,1,0
INSTANTIATE::LAMP,453.707172089377,28.4677975677629,-318.749346237208,1,0,0,0,1,0
INSTANTIATE::LAMP,449.909351271932,30.9043979958637,-342.998757011722,1,0,0,0,1,0
INSTANTIATE::LAMP,441.021422561324,30.5398672110833,-362.120770885119,1,0,0,0,1,0
INSTANTIATE::LAMP,423.090398286629,27.2820047102928,-375.53384102658,1,0,0,0,1,0
INSTANTIATE::LAMP,409.867628675669,25.24646855377,-396.212712603339,1,0,0,0,1,0
INSTANTIATE::LAMP,401.421855590113,24.018122378383,-418.675736155776,1,0,0,0,1,0
INSTANTIATE::LAMP,397.851540647759,22.7214637971035,-442.959685939223,1,0,0,0,1,0
INSTANTIATE::LAMP,394.281225705406,21.5117349715172,-467.243635722669,1,0,0,0,1,0
INSTANTIATE::LAMP,390.710910763052,22.6232570737581,-491.527585506115,1,0,0,0,1,0
INSTANTIATE::LAMP,387.140595820698,26.2732088516457,-515.811535289562,1,0,0,0,1,0
INSTANTIATE::LAMP,383.570280878345,31.7627595598443,-540.095485073008,1,0,0,0,1,0
INSTANTIATE::LAMP,379.999965935991,38.5101751848475,-564.379434856454,1,0,0,0,1,0
INSTANTIATE::LAMP,154.920975385771,20,-129.098230231542,1,0,0,0,1,0
INSTANTIATE::LAMP,179.490503236097,20,-133.757485552257,1,0,0,0,1,0
INSTANTIATE::LAMP,204.060031086423,20,-138.416740872972,1,0,0,0,1,0
INSTANTIATE::LAMP,228.629558936748,20,-143.075996193687,1,0,0,0,1,0
INSTANTIATE::LAMP,253.199086787074,20.0075176598714,-147.735251514402,1,0,0,0,1,0
INSTANTIATE::LAMP,277.7686146374,20.1270380442809,-152.394506835117,1,0,0,0,1,0
INSTANTIATE::LAMP,302.338142487726,20.4538708937337,-157.053762155832,1,0,0,0,1,0
INSTANTIATE::LAMP,326.907670338052,20.5879508758391,-161.713017476547,1,0,0,0,1,0
INSTANTIATE::LAMP,351.477198188377,20.2905882542383,-166.372272797262,1,0,0,0,1,0
INSTANTIATE::LAMP,376.046726038703,20.0404560621193,-171.031528117977,1,0,0,0,1,0
INSTANTIATE::LAMP,400.616253889029,20.0000002330584,-175.690783438692,1,0,0,0,1,0
INSTANTIATE::LAMP,425.185781739355,20.2124419027146,-180.350038759407,1,0,0,0,1,0
INSTANTIATE::LAMP,449.755309589681,21.5988689487752,-185.009294080122,1,0,0,0,1,0
INSTANTIATE::LAMP,474.324837440006,24.2058336663969,-189.668549400837,1,0,0,0,1,0
INSTANTIATE::LAMP,498.894365290332,26.7479877790067,-194.327804721552,1,0,0,0,1,0
INSTANTIATE::LAMP,523.463893140658,28.7897452891188,-198.987060042268,1,0,0,0,1,0
INSTANTIATE::LAMP,548.033420990984,30.3484603443577,-203.646315362983,1,0,0,0,1,0
INSTANTIATE::LAMP,572.602948841309,31.1213358292525,-208.305570683698,1,0,0,0,1,0
INSTANTIATE::LAMP,597.172476691635,31.1713200325239,-212.964826004413,1,0,0,0,1,0
INSTANTIATE::LAMP,621.742004541961,31.375532636126,-217.624081325128,1,0,0,0,1,0
INSTANTIATE::LAMP,646.311532392287,33.9635606694437,-222.283336645843,1,0,0,0,1,0
INSTANTIATE::LAMP,90.2817364462267,59.8013213172456,-597.922325228758,1,0,0,0,1,0
INSTANTIATE::LAMP,115.121829307325,59.7561227457164,-601.008606337315,1,0,0,0,1,0
INSTANTIATE::LAMP,139.981405051735,59.6875622601372,-603.939001576114,1,0,0,0,1,0
INSTANTIATE::LAMP,164.47868714574,58.710286732449,-600.873594139188,1,0,0,0,1,0
INSTANTIATE::LAMP,185.272932760064,55.7911807306232,-587.170442850247,1,0,0,0,1,0
INSTANTIATE::LAMP,202.494981322268,51.1912802690353,-569.016274490641,1,0,0,0,1,0
INSTANTIATE::LAMP,222.717776847126,46.4702727321817,-554.758720854559,1,0,0,0,1,0
INSTANTIATE::LAMP,247.527045470166,44.791731622272,-552.62110011681,1,0,0,0,1,0
INSTANTIATE::LAMP,272.403931262176,44.5741687063256,-555.331631596644,1,0,0,0,1,0
INSTANTIATE::LAMP,297.140400122921,44.4775233651388,-559.16290948356,1,0,0,0,1,0
INSTANTIATE::LAMP,321.855148493176,43.6670419418028,-563.135615511385,1,0,0,0,1,0
INSTANTIATE::LAMP,346.56989686343,42.3644471289061,-567.10832153921,1,0,0,0,1,0
INSTANTIATE::LAMP,371.284645233684,41.190841799109,-571.081027567035,1,0,0,0,1,0
INSTANTIATE::LAMP,395.999393603938,39.9429984454932,-575.05373359486,1,0,0,0,1,0
INSTANTIATE::LAMP,420.714141974193,38.1221046828494,-579.026439622685,1,0,0,0,1,0
INSTANTIATE::LAMP,445.428890344447,35.2202271884806,-582.99914565051,1,0,0,0,1,0
INSTANTIATE::LAMP,470.143638714702,32.1053331918859,-586.971851678335,1,0,0,0,1,0
INSTANTIATE::LAMP,494.858387084956,30.0879178920999,-590.94455770616,1,0,0,0,1,0
INSTANTIATE::LAMP,519.57313545521,28.6614537920377,-594.917263733985,1,0,0,0,1,0
INSTANTIATE::LAMP,544.287883825465,27.4302543346768,-598.88996976181,1,0,0,0,1,0
INSTANTIATE::LAMP,569.002632195719,26.8402356952029,-602.862675789635,1,0,0,0,1,0
INSTANTIATE::LAMP,593.717380565973,26.7929688879419,-606.83538181746,1,0,0,0,1,0
INSTANTIATE::LAMP,107.972067056418,23.8279149619524,-468.580670313341,1,0,0,0,1,0
INSTANTIATE::LAMP,131.673555167862,23.8300907093404,-471.829667904957,1,0,0,0,1,0
INSTANTIATE::LAMP,155.375043279306,23.8336873681253,-475.078665496572,1,0,0,0,1,0
INSTANTIATE::LAMP,179.07653139075,23.9187792941944,-478.327663088187,1,0,0,0,1,0
INSTANTIATE::LAMP,202.778019502194,24.2975545585544,-481.576660679803,1,0,0,0,1,0
INSTANTIATE::LAMP,107.428827684806,24.971303354135,-472.543610003159,1,0,0,0,1,0
INSTANTIATE::LAMP,131.137368303963,24.973453485189,-475.793574351817,1,0,0,0,1,0
INSTANTIATE::LAMP,154.84590892312,24.976214000024,-479.043538700476,1,0,0,0,1,0
INSTANTIATE::LAMP,178.554449542277,25.0420474251545,-482.293503049135,1,0,0,0,1,0
INSTANTIATE::LAMP,202.262990161434,25.3371356624617,-485.543467397794,1,0,0,0,1,0
INSTANTIATE::LAMP,187.912366002337,52.6864194438507,-573.115922866469,1,0,0,0,1,0
INSTANTIATE::LAMP,196.265943252818,45.8925797847458,-549.21435600643,1,0,0,0,1,0
INSTANTIATE::LAMP,201.23557895307,37.6508283436528,-524.361800957403,1,0,0,0,1,0
INSTANTIATE::LAMP,204.520704004891,29.2274007358741,-499.221311310193,1,0,0,0,1,0
INSTANTIATE::LAMP,207.785198926289,22.5255114624619,-474.077849840678,1,0,0,0,1,0
INSTANTIATE::LAMP,211.049693847687,18.499781931022,-448.934388371163,1,0,0,0,1,0
INSTANTIATE::LAMP,214.314188769086,17.0551362630009,-423.790926901648,1,0,0,0,1,0
INSTANTIATE::LAMP,217.578683690484,16.8672751389602,-398.647465432132,1,0,0,0,1,0
INSTANTIATE::LAMP,220.843178611882,16.8470950891211,-373.504003962617,1,0,0,0,1,0
INSTANTIATE::LAMP,224.10767353328,16.9316197612109,-348.360542493102,1,0,0,0,1,0
INSTANTIATE::LAMP,227.372168454678,17.4847714109727,-323.217081023587,1,0,0,0,1,0
INSTANTIATE::LAMP,244.242355643755,18.8862317581378,-316.138297196745,1,0,0,0,1,0
INSTANTIATE::LAMP,263.888529671116,19.7755082014125,-312.613553005937,1,0,0,0,1,0
INSTANTIATE::LAMP,267.589626234386,20.3928933961449,-287.530641173572,1,0,0,0,1,0
INSTANTIATE::LAMP,271.290722797655,21.6655840986447,-262.447729341207,1,0,0,0,1,0
INSTANTIATE::LAMP,274.991819360925,22.7029733103073,-237.364817508842,1,0,0,0,1,0
INSTANTIATE::LAMP,278.692915924194,22.7204843845175,-212.281905676478,1,0,0,0,1,0
INSTANTIATE::LAMP,282.394012487464,21.6905902604748,-187.198993844113,1,0,0,0,1,0
INSTANTIATE::LAMP,286.095109050733,20.4645707679809,-162.116082011748,1,0,0,0,1,0
INSTANTIATE::LAMP,624.687379327717,20,-380.392403858216,1,0,0,0,1,0
INSTANTIATE::LAMP,600.556135352952,22.1232635468484,-377.092038341241,1,0,0,0,1,0
INSTANTIATE::LAMP,576.424891378187,26.7441202883482,-373.791672824266,1,0,0,0,1,0
INSTANTIATE::LAMP,552.293647403422,31.9589569977419,-370.491307307291,1,0,0,0,1,0
INSTANTIATE::LAMP,528.162403428657,36.9549791592065,-367.190941790316,1,0,0,0,1,0
INSTANTIATE::LAMP,504.031159453892,39.6335364923764,-363.890576273341,1,0,0,0,1,0
INSTANTIATE::LAMP,479.899915479127,37.9273835248515,-360.590210756366,1,0,0,0,1,0
INSTANTIATE::LAMP,455.768671504363,33.3150118920224,-357.289845239391,1,0,0,0,1,0
INSTANTIATE::LAMP,625.229402731287,20,-376.42929767367,1,0,0,0,1,0
INSTANTIATE::LAMP,601.109160020837,22.113670834373,-373.13043677011,1,0,0,0,1,0
INSTANTIATE::LAMP,576.988917310386,26.676919032316,-369.831575866549,1,0,0,0,1,0
INSTANTIATE::LAMP,552.868674599936,31.7540788622953,-366.532714962988,1,0,0,0,1,0
INSTANTIATE::LAMP,528.748431889486,36.5232915511662,-363.233854059428,1,0,0,0,1,0
INSTANTIATE::LAMP,504.628189179035,39.040921138037,-359.934993155867,1,0,0,0,1,0
INSTANTIATE::LAMP,480.507946468585,37.4596947570593,-356.636132252306,1,0,0,0,1,0
INSTANTIATE::LAMP,456.387703758134,33.0843015971251,-353.337271348746,1,0,0,0,1,0
INSTANTIATE::LAMP,153.205365998189,16.7788330492358,-298.274367272491,1,0,0,0,1,0
INSTANTIATE::LAMP,177.863379562481,16.7858760668713,-302.017101474213,1,0,0,0,1,0
INSTANTIATE::LAMP,202.521393126774,17.0360950781704,-305.759835675936,1,0,0,0,1,0
INSTANTIATE::LAMP,227.179406691066,18.0146317957272,-309.502569877658,1,0,0,0,1,0
INSTANTIATE::TARGETS::CORNERS,201.691248115696,24.0293212247967,-480.460304946289,1,0,0,0,1,0
INSTANTIATE::TARGETS::CORNERS,200.75616138877,25.6582447938823,-486.616292565217,1,0,0,0,1,0
INSTANTIATE::TARGETS::CORNERS,175.910660573339,55.2046750467532,-582.952744545911,1,0,0,0,1,0
INSTANTIATE::TARGETS::CORNERS,191.303034679113,51.2347649638801,-567.656572778298,1,0,0,0,1,0
INSTANTIATE::TARGETS::CORNERS,177.353695645755,57.4699375415638,-595.17044149237,1,0,0,0,1,0
INSTANTIATE::TARGETS::CORNERS,227.220263187311,18.0776128712808,-308.27205908214,1,0,0,0,1,0
INSTANTIATE::TARGETS::CORNERS,222.859584630793,17.4974138505402,-314.276378017653,1,0,0,0,1,0
INSTANTIATE::TARGETS::CORNERS,229.70250192015,17.921662100676,-315.5174942222,1,0,0,0,1,0
INSTANTIATE::TARGETS::CORNERS,641.504566478668,33.4578775418142,-220.191655286709,1,0,0,0,1,0
INSTANTIATE::TARGETS::CORNERS,640.253936082574,30.1524835804315,-230.292900793623,1,0,0,0,1,0
INSTANTIATE::TARGETS::CORNERS,620.442192426455,20.102755709606,-374.778001744083,1,0,0,0,1,0
INSTANTIATE::TARGETS::CORNERS,619.495417115442,20.1062574156286,-381.089837150832,1,0,0,0,1,0
INSTANTIATE::TARGETS::CORNERS,589.799854682306,26.1636620215956,-597.320242730704,1,0,0,0,1,0
INSTANTIATE::TARGETS::CORNERS,588.612171495132,26.8972319949856,-607.415549821683,1,0,0,0,1,0
INSTANTIATE::TARGETS::CORNERS,388.001131076927,40.7867980869203,-575.233680765144,1,0,0,0,1,0
INSTANTIATE::TARGETS::CORNERS,389.586032947561,37.6930586091513,-564.599500471852,1,0,0,0,1,0
INSTANTIATE::TARGETS::CORNERS,379.616488922601,38.2914434057607,-563.474731402369,1,0,0,0,1,0
INSTANTIATE::TARGETS::CORNERS,378.031587051966,41.1758472033283,-573.239771960151,1,0,0,0,1,0
INSTANTIATE::TARGETS::CORNERS,282.208385109276,20.1550819306035,-152.036357119528,1,0,0,0,1,0
INSTANTIATE::TARGETS::CORNERS,289.082769158487,20.2347561459113,-153.320127634742,1,0,0,0,1,0
INSTANTIATE::TARGETS::CORNERS,287.509114978547,20.5203124094262,-162.844876618589,1,0,0,0,1,0
INSTANTIATE::TARGETS::CORNERS,281.374010963186,20.3661196245955,-161.822359282695,1,0,0,0,1,0
INSTANTIATE::TARGETS::CORNERS,483.4377456405,25.3907739800053,-189.898102903901,1,0,0,0,1,0
INSTANTIATE::TARGETS::CORNERS,472.445684279646,24.1398269501937,-187.69969063173,1,0,0,0,1,0
INSTANTIATE::TARGETS::CORNERS,470.911908275806,22.9883458538964,-198.742877859379,1,0,0,0,1,0
INSTANTIATE::TARGETS::CORNERS,482.00622137025,23.936328911117,-200.787912531165,1,0,0,0,1,0
INSTANTIATE::TARGETS::CORNERS,458.062853639283,33.2651427161464,-351.952166792907,1,0,0,0,1,0
INSTANTIATE::TARGETS::CORNERS,447.326421612403,31.0974369840791,-350.622894256246,1,0,0,0,1,0
INSTANTIATE::TARGETS::CORNERS,446.048274942536,31.3383997415846,-357.576012140321,1,0,0,0,1,0
INSTANTIATE::TARGETS::CORNERS,456.886958703006,33.6764273856575,-358.905284676982,1,0,0,0,1,0
INSTANTIATE::AGENTS::AGENT,229.531387688849,17.9780269752634,-314.922505474418,1,0,0,0,1,0
INSTANTIATE::AGENTS::AGENT,223.096364720544,17.4528967800574,-316.940718328673,1,0,0,0,1,0
INSTANTIATE::AGENTS::AGENT,223.513432240602,17.5224202344097,-314.099445848282,1,0,0,0,1,0
INSTANTIATE::AGENTS::AGENT,219.90089334172,17.4861971641402,-313.600540983173,1,0,0,0,1,0
INSTANTIATE::AGENTS::AGENT,220.639884853822,18.154351896424,-307.561924627141,1,0,0,0,1,0
INSTANTIATE::AGENTS::AGENT,224.252423752704,18.3029619889684,-307.807460973815,1,0,0,0,1,0
INSTANTIATE::AGENTS::AGENT,230.270379200951,18.4030452427427,-308.630520599951,1,0,0,0,1,0
INSTANTIATE::AGENTS::AGENT,374.009277386804,41.4613784199414,-572.360266675728,1,0,0,0,1,0
INSTANTIATE::AGENTS::AGENT,377.372463658269,41.2615253989374,-572.88286149731,1,0,0,0,1,0
INSTANTIATE::AGENTS::AGENT,387.305357118823,40.855966709274,-574.664386994561,1,0,0,0,1,0
INSTANTIATE::AGENTS::AGENT,390.785380511063,40.6912091777517,-575.225562563137,1,0,0,0,1,0
INSTANTIATE::AGENTS::AGENT,375.704802953317,38.4160373780968,-562.550440183759,1,0,0,0,1,0
INSTANTIATE::AGENTS::AGENT,379.067989224782,38.2161843570928,-563.073035005341,1,0,0,0,1,0
INSTANTIATE::AGENTS::AGENT,389.000882685336,37.8106256674294,-564.854560502592,1,0,0,0,1,0
INSTANTIATE::AGENTS::AGENT,389.657686952934,36.9309074470358,-561.844429869859,1,0,0,0,1,0
INSTANTIATE::AGENTS::AGENT,379.527820332825,37.3542546464064,-560.03596488187,1,0,0,0,1,0
INSTANTIATE::AGENTS::AGENT,392.480906077576,37.6458681359072,-565.415736071168,1,0,0,0,1,0
INSTANTIATE::AGENTS::AGENT,482.956012222274,25.2891581098691,-190.162597104779,1,0,0,0,1,0
INSTANTIATE::AGENTS::AGENT,472.863598135886,24.2717248782292,-188.144114287502,1,0,0,0,1,0
INSTANTIATE::AGENTS::AGENT,446.086835187362,31.6387866800719,-360.657109138894,1,0,0,0,1,0
INSTANTIATE::AGENTS::AGENT,443.514742996172,30.7613309126038,-356.510378855165,1,0,0,0,1,0
INSTANTIATE::AGENTS::AGENT,446.645719166036,31.4849848375181,-357.041331176084,1,0,0,0,1,0
INSTANTIATE::AGENTS::AGENT,444.513588453756,30.5688657709131,-350.701985694365,1,0,0,0,1,0
INSTANTIATE::AGENTS::AGENT,447.618460287023,31.270083319641,-351.111308326355,1,0,0,0,1,0
INSTANTIATE::AGENTS::AGENT,448.16816838204,31.0219604781668,-347.411560176947,1,0,0,0,1,0
INSTANTIATE::AGENTS::AGENT,458.007731813339,32.9596158013906,-349.046755645798,1,0,0,0,1,0
INSTANTIATE::AGENTS::AGENT,457.673953948128,33.319902888545,-352.29503197243,1,0,0,0,1,0
INSTANTIATE::AGENTS::AGENT,461.475172993147,34.183837535305,-352.986039506663,1,0,0,0,1,0
INSTANTIATE::AGENTS::AGENT,460.433756726739,34.6032377072239,-358.771326385131,1,0,0,0,1,0
INSTANTIATE::AGENTS::AGENT,455.872115548441,33.7731207770989,-361.381285172232,1,0,0,0,1,0
INSTANTIATE::AGENTS::AGENT,456.528919816039,33.7805585900894,-358.371154539499,1,0,0,0,1,0
INSTANTIATE::AGENTS::BIGAGENT,375.839070220765,40.0497578140429,-567.757227834128,1,0,0,0,1,0
INSTANTIATE::AGENTS::BIGAGENT,390.8235944293,39.3531740709388,-570.018671043021,1,0,0,0,1,0
INSTANTIATE::AGENTS::BIGAGENT,384.394426577826,37.1544080272287,-560.342008614889,1,0,0,0,1,0
INSTANTIATE::AGENTS::BIGAGENT,461.932367899441,34.5668207424067,-356.019891408289,1,0,0,0,1,0
INSTANTIATE::AGENTS::BIGAGENT,450.583960056858,32.8019866362496,-363.474629944976,1,0,0,0,1,0
INSTANTIATE::AGENTS::BIGAGENT,453.292538599548,31.9633240734006,-347.465979708838,1,0,0,0,1,0
INSTANTIATE::AGENTS::BIGAGENT,623.675242636857,20.0945142809897,-372.805639919222,1,0,0,0,1,0
INSTANTIATE::AGENTS::BIGAGENT,617.12811658904,20.2273841612059,-377.323981451438,1,0,0,0,1,0
INSTANTIATE::AGENTS::BIGAGENT,622.360805376438,20.1113329757752,-382.823033588325,1,0,0,0,1,0
INSTANTIATE::AGENTS::BIGAGENT,585.793473454526,26.4716734123218,-601.23701215097,1,0,0,0,1,0
INSTANTIATE::AGENTS::BIGAGENT,591.331498078202,27.1327874397945,-609.553903811696,1,0,0,0,1,0
INSTANTIATE::AGENTS::BIGAGENT,593.561621512849,25.9577578018233,-593.458466024622,1,0,0,0,1,0
INSTANTIATE::AGENTS::BIGAGENT,641.848272791891,29.4344379545969,-233.758085877933,1,0,0,0,1,0
INSTANTIATE::AGENTS::BIGAGENT,635.872798252253,31.5907957462277,-223.156917495976,1,0,0,0,1,0
INSTANTIATE::AGENTS::BIGAGENT,644.768321042678,35.1480944920722,-216.903496767359,1,0,0,0,1,0
INSTANTIATE::AGENTS::AGENT,280.536987472937,20.4489519539034,-165.162830374222,1,0,0,0,1,0
INSTANTIATE::AGENTS::AGENT,278.079121555257,20.297010447066,-161.628233605211,1,0,0,0,1,0
INSTANTIATE::AGENTS::AGENT,280.848787477135,20.3902769324103,-162.276009903609,1,0,0,0,1,0
INSTANTIATE::AGENTS::AGENT,286.434516598501,20.7047017486661,-166.358162151969,1,0,0,0,1,0
INSTANTIATE::AGENTS::AGENT,289.636847045344,20.6019465787036,-163.679869731845,1,0,0,0,1,0
INSTANTIATE::AGENTS::AGENT,286.96527198394,20.5315963457278,-163.285384022803,1,0,0,0,1,0
INSTANTIATE::AGENTS::BIGAGENT,279.073420049078,20.3726013930627,-156.48630125483,1,0,0,0,1,0
INSTANTIATE::AGENTS::BIGAGENT,283.6270681174,20.6234180746465,-165.256263581687,1,0,0,0,1,0
INSTANTIATE::AGENTS::BIGAGENT,289.873082873287,20.3979092387113,-158.534170573496,1,0,0,0,1,0
INSTANTIATE::AGENTS::BIGAGENT,475.785879301022,23.0815609185405,-203.709940805844,1,0,0,0,1,0
INSTANTIATE::AGENTS::BIGAGENT,468.635582219283,23.2505140178438,-192.99859687537,1,0,0,0,1,0
INSTANTIATE::AGENTS::BIGAGENT,487.134287143606,25.1500421016141,-196.255202269157,1,0,0,0,1,0
INSTANTIATE::AGENTS::AGENT,468.938161443057,22.9311738101453,-197.648520827,1,0,0,0,1,0
INSTANTIATE::AGENTS::AGENT,471.368425678644,23.0972758793464,-198.161769751027,1,0,0,0,1,0
INSTANTIATE::AGENTS::AGENT,470.9085945706,22.829640104213,-201.198839874498,1,0,0,0,1,0
INSTANTIATE::AGENTS::AGENT,485.593155598279,24.3453414288089,-200.87714362152,1,0,0,0,1,0
INSTANTIATE::AGENTS::AGENT,481.688318687579,23.9429286239709,-200.476971775887,1,0,0,0,1,0
INSTANTIATE::AGENTS::AGENT,481.031514419981,23.7202807095313,-203.48710240862,1,0,0,0,1,0
